1	But there's this secret between us, and we can never be the same until it is cleared.	Però hi ha aquest secret entre nosaltres, i mai no podrem tornar a ser el mateix fins que no s'hagi aclarit.	Però hi ha aquest secret entre nosaltres, i mai no podrem tornar a ser el mateix fins que no s'hagi aclarit.	Correcte.
2	Have seen the face again at the window.	Han vist de nou la cara a la finestra.	Han vist de nou la cara a la finestra.	Correcte.
3	How long is it since your wife asked you for a hundred pounds?	Quant de temps fa que la teva dona et va preguntar per cent lliures?	Quant de temps fa que la vostra dona us va demanar cent lliures?	Expressió. Postedició mínima.
4	As we looked, we saw a dark blur moving across the blind.	Mentre ens miràvem, vam veure una taca fosca que es movia a través del cortinatge.	Mentre miràvem, vam veure una taca fosca que es movia a través del cortinatge.	Pronom reflexiu sobrer >> canvi semàntic. Postedició mínima.
5	It has been a standing jest in the family that nothing could ever wake me during the night.	Ha estat una broma a la família que res no em podria despertar durant la nit.	Ha estat una broma constant a la família que res no em podria despertar durant la nit.	Omissió (standing). Postedició mínima.
6	It is often so in such matches, and little Lucy is darker far than ever her father was.	Sovint és així, en aquests llumins, i la petita Lucy és més fosca que mai el seu pare.	Sovint és així, en aquestes unions, i la petita Lucy és més fosca que mai ho fou el seu pare.	Lèxic (matches > *llumins). Construcció complicada. Postedició poca.
7	Having no success, she goes again next morning, and her husband meets her, as he has told us, as she comes out.	No tenir èxit, se'n torna l'endemà al matí, i el seu marit l'acull, tal com ell ens ha dit, mentre ella surt.	No tenint èxit, hi torna l'endemà al matí, i el seu marit se la troba, tal com ell ens ha dit, mentre ella surt.	Expressió causal mal resolta. Lèxic (meet > *acollir). Postedició poca.
8	Then suddenly, with a fierce gesture of his closed hand, like one who throws reserve to the winds, he began.	Després, tot d'una, amb un gest ferotge de la mà tancada, com qui llença reserva als vents, va començar.	Després, tot d'una, amb un gest ferotge amb la mà tancada, com qui agafa el bou per les banyes, va començar.	Preposició (*de/amb). Frase feta. Postedició moderada.
9	Three days later, however, the nurse and child only just escaped from the back door as you rushed in at the front one.	Al cap de tres dies, però, la infermera i la nena només s'han escapat de la porta del darrere, com et vas precipitar al davant.	Al cap de tres dies, però, la infermera i la nena s’escapaven per la porta del darrere mentre vós entràveu corrents per la del davant.	Expressió de simultaneïtat mal resolta. Postedició moderada.
10	Then, thinking that I was still asleep, she slipped noiselessly from the room, and an instant later I heard a sharp creaking which could only come from the hinges of the front door.	Després, pensant que jo encara dormia, ella es va esmunyir sense fer soroll de l'habitació, i un instant després vaig sentir un cruixit agut que només podia venir de les frontisses de la porta d'entrada.	Després, pensant que jo encara dormia, ella es va esmunyir sense fer soroll de l'habitació, i un instant després vaig sentir un cruixit agut que només podia venir de les frontisses de la porta d'entrada.	Correcte.
11	I really think that I should have fainted if I had not gone out.	De debò que crec que m'hauria d'haver desmaiat si no hagués sortit.	De debò que crec que m'hauria desmaiat si no hagués sortit.	Traducció literal. Postedició mínima.
12	When we married, my wife made over all her property to me—rather against my will, for I saw how awkward it would be if my business affairs went wrong.	Quan ens vam casar, la meva dona va fer tota la meva propietat a mi, més aviat en contra de la meva voluntat, perquè vaig veure com seria de incòmoda si els meus afers empresarials anessin malament.	Quan ens vam casar, la meva dona em transferí tota la seva propietat, més aviat en contra de la meva voluntat, perquè vaig veure com seria d’incòmode si els meus afers empresarials anessin malament.	Phrasal verb (make over). Postedició poca.
13	Well, I think that you are in the right.	Bé, em penso que sou a la dreta.	Bé, crec que teniu raó.	Locució. Postedició mínima.
14	But if I am not mistaken I hear him upon the stair, so we shall have something more interesting than his pipe to study.	Però si no m'equivoco el sento a l'escala, així tindrem alguna cosa més interessant que la seva pipa per estudiar.	Però si no m'equivoco sento que ha pujat per l’escala, així tindrem alguna cosa més interessant que la seva pipa per estudiar.	Correcte. Pèrdua de manera i direcció de moviment.  Possibilitat (shall). Postedició mínima.
15	He held it up and tapped on it with his long, thin fore-finger, as a professor might who was lecturing on a bone.	El va aixecar i li va donar uns copets amb el dit llarg i prim, com un professor que estava alliçonant sobre un os.	La va aixecar i li va donar uns copets amb el dit llarg i prim, com si un professor donés una lliçó sobre un os.	Postedició mínima.
16	My friend threw out the information in a very offhand way, but I saw that he cocked his eye at me to see if I had followed his reasoning.	El meu amic va llençar la informació d'una manera molt brusca, però vaig veure que em decantava l'ull per veure si jo havia seguit el seu raonament.	El meu amic va llançar la informació d'una manera molt despreocupada, però vaig veure que em mirava de cantell per veure si jo havia seguit el seu raonament.	Lèxic (offhand > *brusca). Frase feta. Postedició moderada.
17	Of course, legally, we are putting ourselves hopelessly in the wrong; but I think that it is worth it.	És clar que, des del punt de vista legal, estem posant-nos irremeiablement en el dolent; però crec que val la pena.	És clar que, des del punt de vista legal, estem posant-nos irremeiablement en un error; però crec que val la pena.	Expressió (putting in the wrong). Postedició mínima.
18	And this not so much for the sake of his reputation—for, indeed, it was when he was at his wits' end that his energy and his versatility were most admirable—but because where he failed it happened too often that no one else succeeded, and that the tale was left forever without a conclusion.	I això no tant per l'amor de la seva reputació -perquè, efectivament, ho era quan estava a la seva intel·ligència -que la seva energia i la seva versatilitat eren d'allò més admirables -, però perquè allà on va fallar li va passar massa sovint que ningú més no se'n va sortir, i que el relat quedava abandonat per sempre més sense cap conclusió.	I això no tant per la seva reputació -perquè, efectivament, fou quan estava al límit -que la seva energia i la seva versatilitat eren d'allò més admirables -, sinó perquè allà on va fallar li va passar massa sovint que ningú més no se'n sortia, i que el relat quedava abandonat per sempre més sense cap conclusió.	Expressió (wits’ end). Postedició poca.
19	I felt that I should have no peace until I knew, and yet I shrank from asking her again after once she had told me what was false.	Jo sentia que no hauria de tenir pau fins que ho sabés, i, tanmateix, m'escapolia de tornar-li a preguntar després d'una vegada que m'havia dit el que era fals.	Jo sentia que no podria tenir pau fins que ho sabés, i, tanmateix, em desdeia de tornar-li a preguntar després que m'havia dit una falsedat.	Temps verbals. Postedició poca.
20	You know that I would not have a secret from you if it were not for your own sake.	Ja saps que jo no tindria un secret de tu si no fos pel teu bé.	Ja saps que jo no tindria un secret per a tu si no fos pel teu bé.	Preposició (*de/per a). Postedició mínima.
21	Save for the occasional use of cocaine, he had no vices, and he only turned to the drug as a protest against the monotony of existence when cases were scanty and the papers uninteresting.	Llevat de l'ús ocasional de la cocaïna, no tenia vicis, i només es girava cap a la droga com una protesta contra la monotonia de l'existència quan els casos eren escassos i els papers poc interessants.	Llevat de l'ús ocasional de la cocaïna, no tenia vicis, i només es girava cap a la droga com una protesta contra la monotonia de l'existència quan els casos eren escassos i els papers poc interessants.	Correcte.
22	My mind was instantly filled with suspicion.	La meva ment es va omplir immediatament de sospita.	La meva ment es va omplir immediatament de sospita.	Correcte.
23	I stood at the door for a few minutes, and now I am quite myself again.	Em vaig quedar a la porta uns minuts, i ara sóc ben bé jo mateixa.	Em vaig quedar a la porta uns minuts, i ara sóc ben bé jo mateix altre cop.	Omissió (again). Gènere. Postedició mínima.
24	I was badly in need of a case, and this looks, from the man's impatience, as if it were of importance.	Em trobava malament en falta d'un cas, i això es veu, des de la impaciència de l'home, com si fos d'importància.	Em feia molta falta un cas, i això sembla, per la impaciència de l’home, que era d’importància.	Expressió (badly in need of > *em trobava malament; this looks > *es veu > sembla). Postedició poca.
25	My husband died at Atlanta.	El meu marit va morir a Atlanta.	El meu marit va morir a Atlanta.	Correcte.
26	But we had not a very long time to wait for that.	Però no teníem gaire temps per esperar-ho.	Però no vam haver d’espera-ho gaire temps.	Construcció complicada >> canvi semàntic. Postedició poca.
27	My wife seemed to be as upset as myself, and I could see from the little questioning glances which she kept shooting at me that she understood that I disbelieved her statement, and that she was at her wits' end what to do.	La meva dona semblava estar tan trasbalsada com jo mateixa, i vaig poder veure des de les petites mirades interrogadores que ella no parava de disparar-me, que entenia que jo descreia la seva afirmació, i que estava a punt d'acabar el que havia de fer.	La meva dona semblava estar tan trasbalsada com jo mateix, i vaig poder veure, per les petites mirades interrogadores que ella no parava de fer-me, que entenia que jo no em creia la seva afirmació, i que ja no sabia el que havia de fer.	Gènere. Lèxic (shooting > *disparar). Frase feta (wits’ end). Postedició moderada.
28	When new facts come to our knowledge which cannot be covered by it, it will be time enough to reconsider it.	Quan nous fets arriben al nostre coneixement que no es pot cobrir, serà el temps suficient per reconsiderar-ho.	Quan nous fets arriben al nostre coneixement i aquest no els pot cobrir, serà el temps ja de reconsiderar-lo.	Canvi d’ordre òptim no efectuat entre oració principal i subordinada. Postedició moderada.
29	Our visitor again passed his hand over his forehead, as if he found it bitterly hard.	El nostre visitant va tornar a passar-se la mà pel front, com si el trobés amargament dur.	El nostre visitant va tornar a passar-se la mà pel front, com si el trobés amargament dur.	Correcte.
30	An instant later our door opened, and a tall young man entered the room.	Un instant després la nostra porta es va obrir, i un jove alt va entrar a la sala.	Un instant després la nostra porta es va obrir, i un jove alt va entrar a la sala.	Correcte.
31	Holmes and I had listened with the utmost interest to this extraordinary statement, which had been delivered in the jerky, broken fashion of a man who is under the influence of extreme emotions.	Holmes i jo havíem escoltat amb el màxim interès a aquesta extraordinària afirmació, que havia estat lliurada a la moda espasmòdica, trencada d'un home que està sota la influència de les emocions extremes.	Holmes i jo havíem escoltat amb el màxim interès aquesta extraordinària afirmació, que havia estat lliurada a la manera espasmòdica, trencada d'un home que està sota la influència d’emocions extremes.	Transitivitat. Lèxic (fashion > *moda). Postedició poca.
32	Well, he must have been disturbed in his mind to leave a pipe behind him which he evidently values highly.	Bé, deu haver estat destorbat en la seva ment per deixar una canonada darrere seu, que evidentment es valora molt.	Bé, deu haver estat destorbat en la seva ment per deixar-se una pipa que evidentment valora molt.	Lèxic (pipe > *canonada > pipa). Reflexiu incorrecte. Postedició poca.
33	There was such earnestness, such despair, in her manner that her words arrested me, and I stood irresolute before the door.	Hi havia tanta serietat, tanta desesperació, en les seves maneres que les seves paraules em detinguessin, i em vaig quedar indecís davant la porta.	Hi havia tanta serietat, tanta desesperació, en les seves maneres que les seves paraules m'aturaren, i em vaig quedar indecís davant la porta.	Temps verbal. Postedició mínima.
34	This sickened her of America, and she came back to live with a maiden aunt at Pinner, in Middlesex.	Això va marejar-la d'Amèrica, i ella va tornar a viure amb una tia donzella a Pinner, a Middlesex.	Això va fer-li avorrir Amèrica, i ella va tornar a viure amb una tia soltera a Pinner, Middlesex.	Expressió (sickened of). Lèxic (maiden > *donzella > soltera). Postedició poca.
35	Annoyed at the churlish rebuff, I turned my back and walked home.	Molest per aquell desaire agitat, vaig girar-me d'esquena i vaig tornar a casa.	Molest per aquell desaire agitat, vaig girar-me d'esquena i vaig tornar a casa.	Correcte.
36	Until you tell me who it is that has been living in that cottage, and who it is to whom you have given that photograph, there can never be any confidence between us, said I, and breaking away from her, I left the house.	Fins que em diguis qui és que ha estat vivint en aquella caseta, i qui és a qui has donat aquesta fotografia, mai no hi podrà haver cap confiança entre nosaltres -va dir jo, i, trencant-se d'ella, vaig sortir de casa.	Fins que no em diguis qui és que ha estat vivint en aquella caseta, i qui és a qui has donat aquesta fotografia, mai no hi podrà haver cap confiança entre nosaltres -vaig dir jo, i, allunyant-me d'ella, vaig sortir de casa.	Manca negació. Phrasal verb (breaking away from her > *trencant-se d’ella). Postedició poca.
37	It was a strange puzzle, and yet I knew that my mind could never know ease again until I had solved it.	Era un trencaclosques estrany, i tot i així sabia que el meu cap no podria tornar a saber mai més tranquil fins que no ho hagués resolt.	Era un trencaclosques estrany, i tot i així sabia que el meu cap no podria tornar a saber-se mai més tranquil fins que no ho hagués resolt.	Manca pronom reflexiu. Postedició mínima.
38	You appear, however, to have been disagreeably impressed by it.	Pel que sembla, no hi ha dubte que l'ha impressionat.	Pel que sembla, no hi ha dubte que us ha impressionat desagradablement.	Connector afegit. Omissió adverbi. Postedició poca.
39	I will tell you the meaning of it, cried the lady, sweeping into the room with a proud, set face.	Us en diré el significat! -va cridar la dama, esmunyint-se cap a l'habitació amb un posat orgullós, posat de cara.	Us en diré el significat! -va cridar la dama, esmunyint-se cap a l'habitació amb un posat orgullós i resolt.	Repetició de mot. Postedició poca.
40	If you have reason to believe that it is inhabited, do not force your way in, but send a wire to my friend and me.	Si teniu motius per creure que és habitada, no us obligueu a entrar, però envieu un cable al meu amic i a mi.	Si teniu motius per creure que és habitada, no forceu l’entrada; envieu-nos un telegrama al meu amic i a mi.	Expressió (force the way in > forçar l’entrada). Lèxic. Postedició elevada.
41	I determined to say nothing about the former to my wife, for she is a nervous, highly strung woman, and I had no wish that she would share the unpleasant impression which had been produced upon myself.	Estic decidida a no dir res de l'anterior a la meva dona, perquè ella és una dona nerviosa, molt tensa, i no desitjava que ella compartís la desagradable impressió que s'havia produït sobre mi mateixa.	Vaig decidir no dir res de l'anterior a la meva dona, perquè ella és una dona nerviosa, molt tensa, i no desitjava que ella compartís la desagradable impressió que m’havia produït a mi.	Correlació verbal. Gènere. Postedició poca.
42	We had an inn and two houses a little above us, and a single cottage at the other side of the field which faces us, and except those there were no houses until you got half way to the station.	Teníem una fonda i dues cases una mica per damunt nostre, i una sola caseta a l'altra banda del camp que ens enfronta, i tret d'aquells no hi havia cases fins que arribaves mig camí cap a l'estació.	Teníem una fonda i dues cases una mica per damunt nostre, i una sola caseta a l'altra banda del camp del davant, i tret d'aquestes no hi havia cases fins que no arribaves a mig camí de l'estació.	Expressió locativa (which faces us > *ens enfronta > del davant). Concordança de gènere. Postedició poca.
43	She followed me, however, before I could close the door.	Em va seguir, però, abans que pogués tancar la porta.	Em va seguir, però, abans que pogués tancar la porta.	Correcte.
44	As I did so I happened to glance out of one of the upper windows, and saw the maid with whom I had just been speaking running across the field in the direction of the cottage.	Mentre ho feia vaig passar a mirar per una de les finestres superiors, i vaig veure la minyona amb la qual acabava de parlar corrent pel camp en direcció a la cabanya.	Mentre ho feia vaig poder mirar per una de les finestres superiors, i vaig veure la minyona amb la qual acabava de parlar corrent pel camp en direcció a la cabanya.	Perífrasi d’involuntarietat (happened to glance > *vaig passar a mirar > vaig poder veure). Postedició poca.
45	She promises him then not to go there again, but two days afterwards the hope of getting rid of those dreadful neighbors was too strong for her, and she made another attempt, taking down with her the photograph which had probably been demanded from her.	Li va prometre que no hi aniria mai més, però dos dies després l'esperança de desempallegar-se d'aquells terribles veïns era massa forta per a ella, i va fer un altre intent, enduent-se amb ella la fotografia que segurament li havia estat obligada.	Li promet que no hi anirà mai més, però dos dies després l'esperança de desempallegar-se d'aquells terribles veïns era massa forta per a ella, i va fer un altre intent, enduent-se amb ella la fotografia que segurament li havia estat demanada.	Temps verbal. Lèxic (*obligada > demanada). Postedició mínima.
46	But you saw me go, and that was the beginning of my troubles.	Però em vas veure marxar, i això va ser el començament de les meves dissorts.	Però em vas veure marxar, i això va ser el començament de les meves dissorts.	Correcte.
47	And if it is still empty?	I si encara és buida?	I si encara és buida?	Correcte.
48	For two hours we rambled about together, in silence for the most part, as befits two men who know each other intimately.	Durant dues hores vam divagar junts, en silenci durant la major part, com correspon a dos homes que es coneixen íntimament.	Durant dues hores vam divagar junts, en silenci la major part, com correspon a dos homes que es coneixen íntimament.	Correcte.
49	I am afraid that this is a bad business, Watson, said my companion, as he returned after accompanying Mr. Grant Munro to the door.	Em temo que això és un mal assumpte, Watson -va dir el meu company, mentre tornava després d'acompanyar el senyor Grant Munro a la porta.	Em temo que això és un mal assumpte, Watson -va dir el meu company, mentre tornava després d'acompanyar el senyor Grant Munro a la porta.	Correcte.
50	She waits until her husband is asleep, and then she rushes down to endeavor to persuade them to leave her in peace.	S'espera fins que el seu marit dorm, i després s'ajup per intentar convèncer-los que la deixi en pau.	S'espera fins que el seu marit dorm, i després es precipita per intentar convèncer-los que la deixin en pau.	Phrasal verb (rushes down > *s’ajup > es precipita). Postedició mínima.
51	During that time my wife and I have loved each other as fondly and lived as happily as any two that ever were joined.	Durant aquell temps la meva dona i jo ens hem estimat l'un a l'altre com amb afecte i visqueren tan feliçment com tots dos que mai s'han unit.	Durant aquell temps la meva dona i jo ens vam estimar l'un a l'altre amb tant afecte i tan feliçment com qualsevol parella que mai s'hagi unit.	Comparatives començades amb «as». Canvi de persona verbal. Postedició moderada.
52	Some day, perhaps, but not just at present, Jack.	Algun dia, potser, però no només al present, Talut.	Algun dia, potser, però no pas ara, Jack.	Expressió temporal. Canvi de nom propi (*Talut/Jack). Postedició poca.
53	I went as far as the Crystal Palace, spent an hour in the grounds, and was back in Norbury by one o'clock.	Vaig anar tan lluny com el Crystal Palace, vaig passar una hora al Seminari, i tornava a ser a Norbury per la una del migdia.	Vaig anar tan lluny com el Crystal Palace, vaig passar una hora al recinte, i tornava a ser a Norbury cap a la una en punt.	Lèxic (grounds > *seminari). Expressió temporal afegida (by one o’clock > ?per la una del migdia > cap a la una). Postedició poca.
54	Suddenly this morning it occurred to me that you were the man to advise me, so I have hurried to you now, and I place myself unreservedly in your hands.	De sobte, aquest matí se m'ha acudit que eres l'home per aconsellar-me, de manera que ara t'he apressat, i em poso sense reserves a les teves mans.	De sobte, aquest matí se m'ha acudit que éreu l'home per a aconsellar-me, de manera que ara m'he apressat, i em poso sense reserves a les vostres mans.	Canvi de CD. Postedició mínima.
55	We shall be with you within an hour of receiving it, and we shall then very soon get to the bottom of the business.	Estarem amb tu al cap d'una hora de rebre-la, i aviat arribarem al fons del negoci.	Serem amb tu al cap d'una hora de rebre’l, i aviat arribarem al fons de l’assumpte.	Distinció ser/estar. Lèxic (business > *negoci > assumpte/qüestió). Postedició mínima.
56	Sherlock Holmes was a man who seldom took exercise for exercise's sake.	Sherlock Holmes era un home que rarament feia exercici per fer exercici.	Sherlock Holmes era un home que rarament feia exercici per fer exercici.	Correcte.
57	In the cottage lay the secret which was casting a shadow over my life.	A la caseta hi havia el secret que projectava una ombra sobre la meva vida.	A la caseta hi havia el secret que projectava una ombra sobre la meva vida.	Correcte.
58	If I had been less cautious I might have been more wise, but I was half crazy with fear that you should learn the truth.	Si hagués estat menys prudent, hauria estat més prudent, però estava mig boja de por que hauries d'aprendre la veritat.	Si hagués estat menys prudent, podria haver estat més sàvia, però estava mig boja de por que no sabessis la veritat.	Lèxic repetit (prudent). Lèxic (learn [the truth] > *aprendre > saber). Postedició poca.
59	Her husband developed some hateful qualities; or shall we say that he contracted some loathsome disease, and became a leper or an imbecile?	El seu marit va desenvolupar algunes qualitats detestables; o diguem que va contraure alguna malaltia repugnant i es va convertir en un leprós o un imbècil?	El seu marit va desenvolupar algunes qualitats detestables; o podem dir que va contraure alguna malaltia repugnant i es va convertir en un leprós o un imbècil?	Modalitat de possibilitat (shall we say). Postedició mínima.
60	Mr. Grant Munro pushed impatiently forward, however, and we stumbled after him as best we could.	El senyor Grant Munro va empènyer amb impaciència cap endavant, però, i vam ensopegar amb ell tan bé com vam poder.	Tanmateix, el senyor Grant Munro va avançar amb impaciència i vam anar a trompicons darrere d’ell tan bé com vam poder.	Adaptació (we stumbled after him > vam anar a trompicons darrere d’ell). Postedició moderada.
61	It was a cosey, well-furnished apartment, with two candles burning upon the table and two upon the mantelpiece.	Era un pis cosey, ben moblat, amb dues espelmes enceses damunt la taula i dues sobre la lleixa de la llar de foc.	Era un pis acollidor, ben moblat, amb dues espelmes enceses damunt la taula i dues sobre la lleixa de la llar de foc.	Lèxic no traduït (cosey). Postedició mínima.
62	Why do you look at me like that, Jack?	Per què em mires així, Jack?	Per què em mires així, Jack?	Correcte.
63	And now, since last Monday, there has suddenly sprung up a barrier between us, and I find that there is something in her life and in her thought of which I know as little as if she were the woman who brushes by me in the street.	I ara, des de dilluns passat, hi ha sorgit de sobte una barrera entre nosaltres, i trobo que hi ha alguna cosa en la seva vida i en el seu pensament de la qual sé tan poc com si fos la dona que em frega pel carrer.	I ara, des de dilluns passat, ha sorgit de sobte una barrera entre nosaltres, i trobo que hi ha alguna cosa en la seva vida i en el seu pensament de la qual sé tan poc com de la dona que em passa fregant pel carrer.	Pronom feble afegit. Postedició poca.
64	My dear Mr. Grant Munro— began Holmes.	Estimat senyor Grant Munro... -començà Holmes.	Estimat senyor Grant Munro... -començà Holmes.	Correcte.
65	I burst out laughing, out of sympathy with her merriment; but Grant Munro stood staring, with his hand clutching his throat.	Vaig esclatar a riure, per compassió amb la seva hilaritat; però Grant Munro es quedà mirant fixament, amb la mà agafada a la gola.	Vaig esclatar a riure, per simpatia amb la seva hilaritat; però Grant Munro es quedà mirant fixament, amb la mà agafada a la gola.	Expressió (out of sympathy). Postedició mínima.
66	Well, I told you just now that there is a cottage not far from our house.	Bé, us he dit justament ara que hi ha una caseta no gaire lluny de casa nostra.	Bé, us he dit justament ara que hi ha una caseta no gaire lluny de casa nostra.	Correcte.
67	They had one child, but the yellow fever broke out badly in the place, and both husband and child died of it.	Van tenir un fill, però la febre groga va esclatar de mala manera en aquell lloc, i tant el marit com el fill van morir.	Van tenir un fill, però la febre groga va esclatar de mala manera en aquell lloc, i tant el marit com el fill van morir.	Correcte.
68	On the third day, however, I had ample evidence that her solemn promise was not enough to hold her back from this secret influence which drew her away from her husband and her duty.	El tercer dia, però, tenia prou proves que la seva solemne promesa no era suficient per retenir-la d'aquesta influència secreta que la va apartar del seu marit i del seu deure.	El tercer dia, però, tenia prou proves que la seva solemne promesa no era suficient per retenir-la d'aquesta influència secreta que la va apartar del seu marit i del seu deure.	Possible correlació de temps verbals. Postedició mínima.
69	The facts are these, Mr. Holmes, said he.	Els fets són aquests, senyor Holmes -digué Pott.	Els fets són aquests, senyor Holmes -digué ell.	Canvi de pronom personal per nom propi. Postedició mínima.
70	As I entered the house the maid ran into the hall with a startled face.	Quan vaig entrar a la casa la minyona va córrer cap al rebedor amb una cara de sorpresa.	Quan vaig entrar a la casa la minyona va córrer cap al rebedor amb una cara de sorpresa.	Correcte.
71	It was our misfortune that our only child took after his people rather than mine.	Era la nostra desgràcia que el nostre únic fill es prengués després de la seva gent més que no pas la meva.	Era la nostra desgràcia que la nostra única filla s’assemblés a la seva gent més que no pas la meva.	Temps verbal. Phrasal verb (take after). Postedició moderada.
72	Well, I should put the original cost of the pipe at seven and sixpence.	Bé, hauria de posar el cost original de la pipa a les set i sis penics.	Bé, hauria de posar el cost original de la pipa a set i sis penics.	Determinant article afegit. Postedició mínima.
73	Holmes, with a laugh, passed his hand behind the child's ear, a mask peeled off from her countenance, and there was a little coal black negress, with all her white teeth flashing in amusement at our amazed faces.	Holmes, amb una rialla, passà la mà per darrere de l'orella de l'infant, una màscara arrabassada del seu semblant, i hi havia una petita coloració negra de carbó, amb totes les seves dents blanques refulgint en diversió davant les nostres cares atònites.	Holmes, amb una rialla, passà la mà per darrere de l'orella de la nena, li tragué una màscara del rostre,  i va aparèixer una nena negra com el carbó, amb totes les seves dents blanques refulgint en diversió davant les nostres cares atònites.	Subordinació múltiple complicada i juxtaposició. Postedició elevada.
74	I should like to think over the matter a little now.	M'agradaria reflexionar sobre la qüestió ara una mica.	M'agradaria reflexionar sobre la qüestió ara una mica.	Ordre dels elements. Postedició mínima.
75	The indications here, however, are neither very marked nor very important.	Les indicacions d'aquí, però, no són ni gaire marcades ni gaire importants.	Les indicacions d'aquí, però, no són ni gaire marcades ni gaire importants.	Postedició mínima.
76	Yes, of course I should have knocked.	Sí, és clar que hauria d'haver trucat.	Sí, és clar que hauria d'haver trucat.	Correcte.
77	It was of a livid chalky white, and with something set and rigid about it which was shockingly unnatural.	Era d'un blanc immaculat de color blanc, i amb alguna cosa gravada i rígida sobre la qual cosa era increïblement poc natural.	Era d’un blanc lívid de guix, i amb alguna cosa gravada i rígida que era increïblement poc natural.	Omissió adjectiu (chalky). Repetició de lèxic (blanc). Locució locativa (about it). Pronom relatiu (which). Postedició moderada.
78	How can you tell me what you know is false?	¿Com em pots dir el que saps que és fals?	Com em pots dir una cosa que saps que és falsa?	Expressió. Postedició poca.
79	I have seen his death certificate.	He vist el seu certificat de defunció.	He vist el seu certificat de defunció.	Correcte.
80	I don't want to argue about that.	No vull discutir sobre això.	No vull discutir sobre això.	Correcte.
81	It's horrible to have to do it.	És horrible haver de fer-ho.	És horrible haver de fer-ho.	Correcte.
82	Though I knew the danger, I determined to have the child over, if it were but for a few weeks.	Tot i que sabia el perill, m'entestava a tenir la criatura a sobre, si fos però durant unes setmanes.	Tot i que sabia el perill, vaig decidir fer venir la criatura, si era només per unes setmanes.	Oració principal: lèxic (determined > *m’entestava > vaig decidir). Phrasal verb (have someone over). Construcció condicional (if it were but for...). Postedició moderada.
83	I should have put him at about thirty, though he was really some years older.	L'hauria d'haver posat a uns trenta anys, tot i que en realitat tenia uns quants anys més.	Li hagués posat uns trenta anys, tot i que en realitat tenia uns quants anys més.	Transitivitat (CD per CI). Postedició mínima.
84	I see that you have only just moved in, so I thought that if I could be of any help to you in any—	Veig que només hi has entrat, de manera que he pensat que si podia ser de qualsevol ajuda per a tu en qualsevol...	Veig que només hi heu entrat, de manera que he pensat que si us podia ser d'ajuda en qualsevol...	Phrasal verb (move in > *entrar > mudar-se). Postedició poca.
85	You can see for yourselves that some one is there.	Podeu veure per vosaltres mateixos que n'hi ha algun.	Podeu veure per vosaltres mateixos que hi ha algú allà.	Error a la subordinada. Postedició mínima.
86	And you won't tell me what you want it for?	i no em vols dir què vols?	I no em vols dir per a què el vols?	Canvi semàntic. Postedició mínima.
87	He has been in the habit of lighting his pipe at lamps and gas-jets.	té el costum d'encendre la pipa amb llànties i gas-jets.	Té el costum d’encendre la pipa en làmpades i sortidors de gas.	Lèxic (lighting > *trobar > encendre; lamps > *llums > làmpades). Lèxic no traduït (gas-jets). Postedició poca.
88	If the cottage is now permanently deserted we may have some difficulty.	Si la caseta està ara permanentment deserta podem tenir algunes dificultats.	Si la caseta està ara permanentment deserta podem tenir algunes dificultats.	Correcte.
89	Still pulling at my sleeve, she led me away from the cottage.	sense deixar d'estirar-me la màniga, ella em va apartar de la caseta.	Sense deixar d'estirar-me la màniga, ella em va apartar de la caseta.	Correcte.
90	I am sorry that I broke my promise, Jack, said she; but if you knew all the circumstances I am sure that you would forgive me.	em sap greu que hagi trencat la meva promesa, Jack -va dir ella -, però si sabessis totes les circumstàncies estic segur que em perdonaries.	Em sap greu que hagi trencat la meva promesa, Jack -va dir ella -, però si sabessis totes les circumstàncies estic segura que em perdonaries.	Gènere. Postedició mínima.
91	As I stood there, imagine my surprise, Mr. Holmes, when the door suddenly opened and my wife walked out.	Mentre em quedava allà, imagineu-vos la meva sorpresa, senyor Holmes, quan la porta es va obrir de sobte i la meva dona va sortir.	Mentre era dret allà, imagineu-vos la meva sorpresa, senyor Holmes, quan la porta es va obrir de sobte i la meva dona va sortir.	Ser/quedar. Postedició mínima.
92	Tell me, said he at last, could you swear that this was a man's face which you saw at the window?	Digue'm -va dir finalment -, podries jurar que aquesta era la cara d'un home que vas veure a la finestra?	Digue'm -va dir finalment -, podries jurar que era la cara d'un home la que vas veure a la finestra?	Manca pronom (la) >> canvi semàntic. Postedició poca.
93	From every gesture and expression I could see that he was a reserved, self-contained man, with a dash of pride in his nature, more likely to hide his wounds than to expose them.	Des de cada gest i l'expressió podia constatar que era un home reservat, autònom, amb una embranzida d'orgull en la seva naturalesa, més probable que amagués les ferides que no pas per exposar-les.	De cada gest i expressió podia constatar que era un home reservat, contingut, amb una embranzida d'orgull en la seva naturalesa, amb més probabilitat d’amagar les ferides que no pas d’exposar-les.	Expressió locativa. Lèxic (*autònom > contingut). Comparativa mal resolta. Postedició moderada.
94	What on this earth could my wife be doing out on the country road at three in the morning?	Què dimonis podia fer la meva dona a la carretera de camp a les tres de la matinada?	Què dimonis podia fer la meva dona a la carretera de camp a les tres de la matinada?	Lèxic. Postedició mínima.
95	When I left her in America, she continued, it was only because her health was weak, and the change might have done her harm.	Quan la vaig deixar a Amèrica -va continuar -, era només perquè la seva salut era feble, i el canvi hauria pogut fer-li mal.	Quan la vaig deixar a Amèrica -va continuar -, era només perquè la seva salut era feble, i el canvi hauria pogut fer-li mal.	Correcte.
96	I was a bit staggered at this, for I had imagined it was simply a new dress or something of the kind that she was after.	Estava una mica entrebancat amb això, perquè m'havia imaginat que era simplement un vestit nou o alguna cosa de la mena que anava després.	Estava una mica entrebancat amb això, perquè m'havia imaginat que era simplement un vestit nou o alguna cosa de la mena que ella anava al darrere.	Subordinada de relatiu idiomàtica (something she was after). Postedició poca.
97	The furniture and pictures were of the most common and vulgar description, save in the one chamber at the window of which I had seen the strange face.	Els mobles i els dibuixos eren de la descripció més vulgar i vulgar, llevat de l'única cambra de la finestra de la qual jo havia vist aquella cara estranya.	Els mobles i els dibuixos eren de la mena més comuna i vulgar, llevat de l'única cambra a la finestra de la qual jo havia vist aquella cara estranya.	Lèxic (common > *vulgar). Preposició (*de/a) >> canvi semàntic. Postedició moderada.
98	Not another word did he say of the case until late that night, when he was turning away, with his lighted candle, for his bedroom.	Ni una paraula més va dir-li del cas fins ben entrada la nit, quan es girava d'esquena, amb la seva espelma encesa, per al seu dormitori.	Ni una paraula més va dir del cas fins ben entrada la nit, quan se n’anava, amb la seva espelma encesa, cap al seu dormitori.	Pronom feble afegit (CI). Phrasal verb. Expressió locativa. Postedició moderada.
99	I could not tell if the face were that of a man or a woman.	No hauria sabut dir si la cara era la d'un home o d'una dona.	No hauria sabut dir si la cara era la d'un home o d'una dona.	Correcte.
100	You might do it once the other way, but not as a constancy.	Ho podries fer un cop de l'altra manera, però no com a constancy.	Ho podries fer un cop de l'altra manera, però no com a constància.	Lèxic no traduït (constancy). Postedició mínima.
101	Next day you had my secret at your mercy, but you nobly refrained from pursuing your advantage.	L'endemà tenies el meu secret a la teva mercè, però t'has abstingut de perseguir el teu avantatge.	L'endemà tenies el meu secret a la teva mercè, però et vas abstenir noblement de perseguir el teu avantatge.	Correlació temps verbals. Omissió adverbi. Postedició poca.
102	Well, last Monday evening I was taking a stroll down that way, when I met an empty van coming up the lane, and saw a pile of carpets and things lying about on the grass-plot beside the porch.	Bé, dilluns passat vaig estar fent un passeig per allà, quan vaig trobar una furgoneta buida que pujava pel caminoi, i vaig veure una pila de catifes i coses que s'estenien sobre el laberint de gespa al costat del porxo.	Bé, dilluns passat vaig estar fent un passeig per allà, quan vaig trobar una furgoneta buida que pujava pel caminoi, i vaig veure una pila de catifes i coses que s'estenien sobre el laberint de gespa al costat del porxo.	Poc acurat (per allà; laberint de gespa). Postedició mínima.
103	I wish you both to be there as witnesses.	Us desitjo que tots dos sigueu allà com a testimonis.	Desitjo que tots dos sigueu allà com a testimonis.	Pronom feble afegit. Postedició mínima.
104	Her name then was Mrs. Hebron.	El seu nom aleshores era la senyora Hebron.	El seu nom aleshores era senyora Hebron.	Correcte.
105	The cottage had been standing empty this eight months, and it was a pity, for it was a pretty two-storied place, with an old-fashioned porch and honeysuckle about it.	La cabanya havia estat buida des de feia vuit mesos, i era una llàstima, perquè era un lloc bonic de dues plantes, amb un porxo passat de moda i el xuclamel.	La cabanya havia estat buida des de feia vuit mesos, i era una llàstima, perquè era un lloc bonic de dues plantes, amb un porxo antic i xuclamel al voltant.	Locució locativa (about it). Article. Postedició mínima.
106	It happened that my way took me past the cottage, and I stopped for an instant to look at the windows, and to see if I could catch a glimpse of the strange face which had looked out at me on the day before.	Va passar que el meu camí em va dur per davant de la cabanya, i em vaig aturar un instant per mirar les finestres, i per veure si podia entreveure aquell rostre estrany que m'havia mirat el dia abans.	Va passar que el meu camí em va dur per davant de la cabanya, i em vaig aturar un instant per mirar les finestres, i per veure si podia entreveure aquell rostre estrany que m'havia mirat el dia abans.	Postedició mínima.
107	I vowed that, come what might, it should be a secret no longer.	Em vaig prometre que, vindria el que pogués, ja no hauria de ser un secret.	Em vaig prometre que, passés el que passés, ja no hauria de ser més un secret.	Locució (come what might). Postedició mínima.
108	It was you who told me first that the cottage was occupied.	Vas ser tu qui primer em va dir que la cabanya estava ocupada.	Vas ser tu qui primer em va dir que la cabanya estava ocupada.	Correcte.
109	I am going to force my way in and see for myself who is in the house.	M'obligaré a entrar i a veure qui és a la casa.	Entraré per la força i veuré per mi mateix qui hi ha a la casa.	Expressió (force my way in). Distinció ser/haver-hi. Postedició poca.
110	She flies from him at last, returns to England, changes her name, and starts her life, as she thinks, afresh.	Ella vola d'ell a la fi, torna a Anglaterra, canvia el seu nom, i comença la seva vida, com ella pensa, de nou.	Ella s’allunya d'ell a la fi, torna a Anglaterra, canvia el seu nom, i comença la seva vida, com ella pensa, de nou.	Lèxic (flies fron him). Postedició mínima.
111	I should have waited for the morning, but I could not sleep for excitement, and so at last I slipped out, knowing how difficult it is to awake you.	Hauria d'haver esperat el matí, però no podia dormir per l'excitació, i per això a la fi em vaig escapolir, sabent com era de difícil despertar-te.	Hauria d'haver esperat el matí, però no podia dormir per l'excitació, i per això a la fi em vaig escapolir, sabent com era de difícil despertar-te.	Correcte.
112	Your very voice changes as you speak.	La teva veu canvia com parles.	La teva veu canvia mentre parles.	Expressió temporal amb «as». Postedició mínima.
113	It was a very dark night, and a thin rain began to fall as we turned from the high road into a narrow lane, deeply rutted, with hedges on either side.	Era una nit molt fosca, i una pluja fina va començar a caure quan vam girar des de l'alta carretera cap a un carril estret, profundament solcat, amb bardisses a banda i banda.	Era una nit molt fosca, i una pluja fina va començar a caure quan vam girar des de la carretera cap a un camí estret, profundament solcat, amb bardisses a banda i banda.	Lèxic (high road > *alta carretera; lane > *carril). Postedició poca.
114	The man must value the pipe highly when he prefers to patch it up rather than buy a new one with the same money.	L'home ha de donar valor a la pipa quan prefereix apedaçar-lo en lloc de comprar-ne un de nou amb els mateixos diners.	L'home ha de donar gran valor a la pipa quan prefereix apedaçar-la en lloc de comprar-ne una de nova amb els mateixos diners.	Omissió adverbi (highly). Concordança gènere (pipa/*lo/*un). Postedició poca.
115	Now it has, you see, been twice mended, once in the wooden stem and once in the amber.	Ara té, ja ho veus, estat dues vegades sargit, un cop a la tija de fusta i un cop a l'ambre.	Ara té, ja ho veus, dues reparacions, un cop a la tija de fusta i un cop a l'ambre.	Distinció tenir/ser/estar. Lèxic (mended > *sargit > reparat). Postedició poca.
116	There's been a gentleman here asking for you, sir.	Aquí hi ha hagut un senyor demanant per vós, senyor.	Aquí hi ha hagut un senyor demanant per vós, senyor.	Verb (hi ha hagut). Postedició mínima.
117	I'll tell you what I know about Effie's history.	Et diré el que sé sobre la història de l'Effie.	Us diré el que sé sobre la història de l'Effie.	Correcte.
118	I trust that we may do as much for you.	Confio que podem fer tant per tu.	Confio que puguem fer altre tant per vós.	Temps verbal Locució adverbial (as much > igual). Postedició poca.
119	You are at liberty to preserve your secret, but you must promise me that there shall be no more nightly visits, no more doings which are kept from my knowledge.	Estàs en llibertat per preservar el teu secret, però m'has de prometre que no hi haurà més visites nocturnes, ni més coses que es guarden dels meus coneixements.	Tens la llibertat de preservar el teu secret, però m'has de prometre que no hi haurà més visites nocturnes, ni més coses que s’amaguin del meu coneixement.	Estar/ tenir. Postedició mínima.
120	Have you ever seen a photograph of her first husband?	Has vist mai una fotografia del seu primer marit?	Heu vist mai una fotografia del seu primer marit?	Correcte.
121	She was given to the care of a faithful Scotch woman who had once been our servant.	La van donar a la cura d'una dona de whisky fidel que abans havia estat el nostre servent.	La van donar a la cura d'una dona escocesa fidel que abans havia estat la nostra serventa.	Lèxic (Scotch > *de whisky > escocesa). Concordança gènere (dona/el). Postedició poca.
122	Her face was turned away as we entered, but we could see that she was dressed in a red frock, and that she had long white gloves on.	La cara se li va girar quan vam entrar, però vam veure que anava vestida amb una levita vermella, i que portava uns guants blancs llargs.	Va amagar la cara quan vam entrar, però vam veure que anava vestida amb una levita vermella, i que portava uns guants blancs llargs.	Lèxic (levita). Postedició poca.
123	My wife had gone over there, and had asked the servant to call her if I should return.	La meva dona havia anat cap allà, i havia demanat al criat que li truqués si havia de tornar.	La meva dona havia anat cap allà, i havia demanat a la criada que l’avisés si jo tornava.	Confusió d’agents >> canvi semàntic. Gènere. Postedició poca.
124	For two days after this I stayed at home, and my wife appeared to abide loyally by our engagement, for, as far as I know, she never stirred out of the house.	Perquè dos dies després em vaig quedar a casa, i la meva dona va aparèixer per acatar lleialment el nostre compromís, perquè, pel que sé, no es va moure mai de la casa.	Durant dos dies després d'això em vaig quedar a casa, i la meva dona semblava acatar lleialment el nostre compromís, perquè, pel que sé, no es va moure mai de la casa.	Preposició (for > *perquè > durant). Lèxic de context (appeared > *aparèixer > semblar). Postedició moderada.
125	What do you think of my theory?	Què en penses, de la meva teoria?	Què en penses, de la meva teoria?	Correcte.
126	The fact is that I felt as though I were choking, and had a perfect longing for a breath of fresh air.	El fet és que em sentia com si m'ofegués, i tenia una enyorança perfecta per una alenada d'aire fresc.	El fet és que em sentia com si m'ofegués, i tenia una ànsia perfecta per una alenada d'aire fresc.	Lèxic (longing > *enyorança > ànsia/necessitat). Preposició (*per/de). Postedició poca.
127	I tell you that there never was a shadow between us until this accursed affair began.	Et dic que mai no hi havia una ombra entre nosaltres fins que va començar aquest maleït afer.	Et dic que mai no hi havia hagut una ombra entre nosaltres fins que va començar aquest maleït afer.	Temps verbal. Postedició mínima.
128	I don't know what there was about that face, Mr. Holmes, but it seemed to send a chill right down my back.	No sé què hi havia d'aquella cara, senyor Holmes, però semblava que m'enviés un calfred a l'esquena.	No sé què hi havia en aquella cara, senyor Holmes, però semblava que m'enviés un calfred esquena avall.	Preposició (*de/en). Phrasal verb. Postedició poca.
129	For three years I have kept her existence a secret from you, but I heard from the nurse, and I knew that all was well with her.	Durant tres anys he mantingut la seva existència un secret de tu, però vaig sentir a parlar de la infermera i vaig saber que tot anava bé amb ella.	Durant tres anys t’he mantingut la seva existència en secret, però vaig tenir notícies de la infermera i vaig saber que ella estava bé.	Expressions. Postedició moderada.
130	I think that she has gone out for a walk, she answered.	Em sembla que ha sortit a fer un volt va respondre.	Em sembla que ha sortit a fer un volt va respondre.	Correcte.
131	I had to choose between you, and in my weakness I turned away from my own little girl.	Vaig haver de triar entre tu, i en la meva debilitat em vaig apartar de la meva nena.	Vaig haver de triar entre vosaltres, i en la meva debilitat em vaig apartar de la meva nena.	Error persona (*tu/vosaltres). Postedició mínima.
132	As we went I glanced back, and there was that yellow livid face watching us out of the upper window.	Mentre hi anàvem vaig mirar enrere, i hi havia aquella cara groga i lívida que ens mirava des de la finestra de dalt.	Mentre marxàvem vaig mirar enrere, i hi havia aquella cara groga i lívida que ens mirava des de la finestra de dalt.	Lèxic (went > *hi anàvem > marxàvem). Postedició mínima.
133	Holmes glanced reproachfully at me.	Holmes em llançà una mirada de retret.	Holmes em llançà una mirada de retret.	Correcte.
134	If, on the other hand, as I fancy is more likely, the inmates were warned of your coming, and left before you entered yesterday, then they may be back now, and we should clear it all up easily.	Si, d'altra banda, com m'imagino que és més probable, els interns van avisar de la teva arribada, i van marxar abans d'entrar ahir, llavors ja deuen ser de tornada, i hauríem d'aclarir-ho tot amb naturalitat.	Si, d'altra banda, com m'imagino que és més probable, els inquilins foren avisats de la vostra arribada, i van marxar abans d'entrar-hi vós ahir, llavors ja deuen ser de tornada, i hauríem d'aclarir-ho tot amb naturalitat.	Lèxic (interns) > Canvi semàntic. Postedició mínima.
135	What link could there be between that creature and my wife?	Quin lligam hi podia haver entre aquella criatura i la meva dona?	Quin lligam hi podia haver entre aquella criatura i la meva dona?	Correcte.
136	All the rest of the night I tossed and tumbled, framing theory after theory, each more unlikely than the last.	Tota la resta de la nit em llençava i queia, emmarcant teoria rere teoria, cada cop més improbable que l'anterior.	Tota la resta de la nit vaig regirar-me i remoure’m, formulant teoria rere teoria, cada una més improbable que l'anterior.	Lèxic específic. Parell verb-CD (formular teories). Comparativa. Postedició moderada.
137	If you come home with me, all will be well.	Si véns a casa amb mi, tot anirà bé.	Si véns a casa amb mi, tot anirà bé.	Postedició mínima.
138	We can do nothing more until we have a message from our friend at Norbury.	No podem fer res més fins que tinguem un missatge del nostre amic de Norbury.	No podem fer res més fins que tinguem un missatge del nostre amic de Norbury.	Correcte.
139	I could not see her face in the darkness, but her arms were thrown out in an attitude of entreaty.	No li podia veure la cara en la foscor, però tenia els braços llançats en actitud de súplica.	No li podia veure la cara en la foscor, però llançà els braços en actitud de súplica.	Construcció. Postedició mínima.
140	Might I beg you, as time may prove to be of importance, to furnish me with the facts of your case without further delay?	Us puc suplicar, com el temps pot demostrar ser d'importància, per facilitar-me amb els fets del vostre cas sense més dilació?	Us puc suplicar que, com que el temps pot demostrar ser d'importància, em faciliteu els fets del vostre cas sense més dilació?	Subordinada amb «as». Preposició (*per/Ø). Postedició poca.
141	We have not had a difference, not one, in thought or word or deed.	No hem tingut cap diferència, ni un, en pensament, ni de paraula ni d'obra.	No hem tingut cap diferència, ni una, ni de pensament, ni de paraula ni d'obra.	Gènere (diferència/un). Postedició poca.
142	I can see that you have not slept for a night or two,” said Holmes, in his easy, genial way.	Veig que no heu dormit durant una nit o dos -va dir Holmes, amb el seu estil fàcil i cordial -.	Veig que no heu dormit durant una nit o dues -va dir Holmes, amb el seu estil fàcil i cordial.	Gènere (nit/*dos). Postedició mínima.
143	There's one thing I ought to tell you before I go further.	Hi ha una cosa que t'hauria de dir abans d'anar més lluny.	Hi ha una cosa que t'hauria de dir abans d'anar més lluny.	Correcte.
144	It was evident to me that she was saying what was false.	Per a mi era evident que deia el que era fals.	Per mi era evident que deia una falsedat.	Expressió. Postedició moderada.
145	I pushed my precautions so far as to order her to keep the child in the house during the daytime, and to cover up her little face and hands so that even those who might see her at the window should not gossip about there being a black child in the neighborhood.	Vaig empènyer les meves precaucions fins a tal extrem d'ordenar-li que mantingués el nen a casa durant el dia, i per tapar-li la cara i les mans de tal manera que fins i tot els qui la poguessin veure a la finestra no haurien de xafardejar sobre el fet de ser un nen negre al barri.	Vaig extremar les meves precaucions fins a l’extrem d'ordenar-li que mantingués la nena a casa durant el dia, i de tapar-li la cara i les mans de tal manera que fins i tot els qui la poguessin veure a la finestra no poguessin xafardejar sobre el fet que hi havia un infant negre al barri.	Lèxic parells (pushed my precautions > *empènyer > extremar). Preposició (*per/de). Perífrasi de possibilitat (should not gossip > *haurien de xafardejar > poguessin...). Distinció ser/haver-hi. Postedició elevada.
146	“You wish to employ me as a consulting detective?”	Vols que em contracti com a detectiu de consultoria?	Voleu contractar-me com a detectiu privat?	Reflexiu afegit >> canvi semàntic. Lèxic (detectiu privat). Postedició poca.
147	But as I did so the face suddenly disappeared, so suddenly that it seemed to have been plucked away into the darkness of the room.	Però mentre ho feia, la cara va desaparèixer de sobte, tan de sobte que semblava que hagués estat arrabassada cap a la foscor de l'habitació.	Però mentre ho feia, la cara va desaparèixer de sobte, tan de sobte que semblava que hagués estat arrabassada cap a la foscor de l'habitació.	Correcte.
148	I shall be very much surprised, however, if it is still so when he reconnoitres it this evening.	Em sentiré molt sorprès, tanmateix, si encara és així quan se reconnoitres aquest vespre.	Em sentiré molt sorprès, tanmateix, si encara és així quan ell el reconegui aquest vespre.	Lèxic no traduït (reconnoitres). Reflexiu afegit. Postedició moderada.
149	I saw my wife and the maid hurrying back along the lane, but I did not stop to speak with them.	Vaig veure la meva dona i la minyona afanyant-se pel caminoi, però no em vaig aturar a parlar amb ells.	Vaig veure la meva dona i la minyona afanyant-se a tornar pel caminoi, però no em vaig aturar a parlar amb elles.	Pèrdua de direcció del moviment (afanyant-se a tornar). Gènere. Postedició poca.
150	Well, it must be the creature who lives in the only comfortable room in the place, and has her photograph above his fireplace.	Bé, deu ser la criatura que viu a l'única habitació confortable del lloc, i té la seva fotografia damunt de la seva llar de foc.	Bé, deu ser la criatura que viu a l'única habitació confortable del lloc, i té la seva fotografia damunt de la seva llar de foc.	Repetició de possessius. Postedició mínima.
151	All evening, though I tried to think of other things, my mind would still turn to the apparition at the window and the rudeness of the woman.	Durant tot el vespre, tot i que vaig intentar pensar en altres coses, la meva ment encara es giraria cap a l'aparició a la finestra i la grolleria de la dona.	Durant tot el vespre, tot i que vaig intentar pensar en altres coses, la meva ment encara tornaria a l'aparició a la finestra i la grolleria de la dona.	Correcte.
152	It seems dreadful to discuss the conduct of one's wife with two men whom I have never seen before.	Em sembla terrible discutir la conducta de la dona amb dos homes a qui no he vist mai abans.	Em sembla terrible discutir la conducta de la dona amb dos homes a qui no he vist mai abans.	Correcte.
