1	But there's this secret between us, and we can never be the same until it is cleared.	Però hi ha aquest secret entre nosaltres, i mai no podrem ser iguals fins que no s'hagi aclarit.	Però hi ha aquest secret entre nosaltres, i mai no podrem ser el mateix fins que no s'hagi aclarit.	Error semàntic de context (the same > ?iguals > el mateix). Postedició mínima.
2	Have seen the face again at the window.	He vist la cara de nou a la finestra.	He vist la cara de nou a la finestra.	Correcte.
3	How long is it since your wife asked you for a hundred pounds?	Quant de temps és des que la teva dona li vau demanar cent lliures?	Quant de temps fa que la vostra dona us demanà cent lliures?	Expressió temps. Error sintàctic (Intercanvi Subj./CI). Postedició moderada.
4	As we looked, we saw a dark blur moving across the blind.	Com vam mirar, vam veure un borrós fosc que es movia per la cega.	Mentre miràvem, vam veure una ombra borrosa que es movia per la cortina.	CCTemps (as > ?com > mentre). Substantivació (blur-borrós). Traducció literal (blind > ?cega >cortina). Postedició moderada.
5	It has been a standing jest in the family that nothing could ever wake me during the night.	Ha estat una broma en la família que res no em podria despertar durant la nit.	Ha estat una broma constant en la família que res no em podria despertar durant la nit.	Pèrdua d’èmfasi (standing jest). Postedició mínima.
6	It is often so in such matches, and little Lucy is darker far than ever her father was.	Sovint és així en aquests jocs, i la petita Lucy està més fosca que mai el seu pare.	Sovint és així en aquestes unions, i la petita Lucy és més fosca que mai ho fou el seu pare.	Polisèmia (matches > ?jocs > unions/aparellaments). Expressió complicada amb referència a persona. Postedició moderada.
7	Having no success, she goes again next morning, and her husband meets her, as he has told us, as she comes out.	Sense èxit, ella torna a anar el dia següent, i el seu marit es troba amb ella, com ens ha dit, quan surt.	Sense èxit, ella hi torna a anar el matí següent i el seu marit es troba amb ella, com ens ha dit, quan surt.	Pronom feble (anar-hi) (CCLloc). Postedició mínima.
8	Then suddenly, with a fierce gesture of his closed hand, like one who throws reserve to the winds, he began.	Tot d'una, de cop i volta, amb un gest ferotge de la mà tancada, com qui va reservar als vents, va començar.	Tot d'una, amb un gest ferotge amb la mà tancada, com qui agafa el bou per les banyes, va començar.	Expansió en expressions temporals, amb redundància semàntica. Error de preposició (?de > amb). Frase feta. Postedició elevada.
9	Three days later, however, the nurse and child only just escaped from the back door as you rushed in at the front one.	Tres dies més tard, tanmateix, la infermera i el nen només van escapar de la porta del darrere a mesura que avançava a la primera part.	Tres dies més tard, tanmateix, la infermera i l’infant s’escapaven per la porta del darrere mentre vós entràveu corrents per la del davant.	Canvi semàntic en adverbis (only just > ?només). Pèrdua de simultaneïtat en les accions (as > ?a mesura que > mentre). Error de preposició (?de > per). Traducció literal sense sentit (front one > ?la primera part). Postedició elevada.
10	Then, thinking that I was still asleep, she slipped noiselessly from the room, and an instant later I heard a sharp creaking which could only come from the hinges of the front door.	Aleshores, pensant que encara estava dormit, ella es va escapar sense sonar des de l'habitació, i un instant més tard vaig sentir un creuat agut que només podia venir de les frontisses de la porta principal. 	Aleshores, pensant que encara estava adormit, ella es va escapar silenciosament de l'habitació, i un instant més tard vaig sentir un grinyol agut que només podia venir de les frontisses de la porta principal. 	Error lèxic (asleep > *dormit > adormit). Manca d’exactitud (noislessly > ?sense sonar). Error lèxic (creaking > ?creuat > grinyol). Postedició moderada.
11	I really think that I should have fainted if I had not gone out.	Realment crec que hauria d'haver esvaït si no hagués sortit.	Realment crec que m’hauria esvaït si no hagués sortit.	Error sintàctic a causa de pronom feble (Subject > Subjecte + CD). Postedició poca.
12	When we married, my wife made over all her property to me—rather against my will, for I saw how awkward it would be if my business affairs went wrong.	Quan ens vam casar, la meva dona va fer tota la seva propietat per a mi, més aviat contra la meva voluntat, ja que vaig veure que tan incòmoda seria si els meus assumptes comercials anessin malament.	Quan ens vam casar, la meva dona em transferí tota la seva propietat, més aviat contra la meva voluntat, ja que vaig veure que incòmode seria si els meus assumptes comercials anessin malament.	Phrasal verb. Pronom feble (em transferí, em deixà). Construcció no genuïna (?que tan...). Gènere (?incòmoda). Postedició elevada.
13	Well, I think that you are in the right.	Bé, crec que estàs a la dreta.	Bé, crec que teniu raó.	Traducció literal (to be in the right > *estar a la dreta). Postedició poca.
14	But if I am not mistaken I hear him upon the stair, so we shall have something more interesting than his pipe to study.	Però si no em trobo equivocat, el sento sobre l'escalinata, així que tindrem una mica més interessant que el seu tub per estudiar.	Però si no estic equivocat, sento que ha pujat per l’escala, així doncs, tindrem alguna cosa més interessant que la seva pipa per estudiar.	Preposició (upon > sobre). Lèxic (stair > ?escalinata; pipe > ?tub). Pèrdua de CD (something). Postedició moderada.
15	He held it up and tapped on it with his long, thin fore-finger, as a professor might who was lecturing on a bone.	Ell es va aixecar i es va tocar amb el dit llarg i fi, com un professor que parlava sobre un os.	Ell la sostenia i la va tocar amb el dit índex llarg i prim, com faria un professor que parlés d’un os.	Canvi de CD per pronom reflexiu. Temps verbal (parlava/parlés). Preposició (?sobre/de). Postedició moderada.
16	My friend threw out the information in a very offhand way, but I saw that he cocked his eye at me to see if I had followed his reasoning.	El meu amic va llançar la informació d'una manera molt despistada, però vaig veure que ell em va cridar l'atenció per veure si havia seguit el seu raonament.	El meu amic va deixar anar la informació d'una manera molt despreocupada, però vaig veure que ell em mirava de biaix per veure si havia seguit el seu raonament.	Frase feta (to cock one’s eye at someone). Postedició mínima.
17	Of course, legally, we are putting ourselves hopelessly in the wrong; but I think that it is worth it.	Per descomptat, legalment, ens estem posant irremeiablement equivocats; però crec que val la pena.	Per descomptat, legalment, ens estem posant irremeiablement en una equivocació; però crec que val la pena.	Locució locativa/manera (in the wrong). Postedició poca.
18	And this not so much for the sake of his reputation—for, indeed, it was when he was at his wits' end that his energy and his versatility were most admirable—but because where he failed it happened too often that no one else succeeded, and that the tale was left forever without a conclusion.	I això no tant pel que fa a la seva reputació -perquè, de fet, va ser quan va quedar al capdavall que la seva energia i la seva versatilitat eren més admirables-, sinó perquè on va fracassar va passar massa sovint que ningú més va aconseguir, i que la història es va deixar per sempre sense una conclusió.	I això no tant pel que fa a la seva reputació -perquè, de fet, va ser quan estava desesperat que la seva energia i la seva versatilitat foren més admirables-, sinó perquè on ell fracassava, passava massa sovint que ningú més ho aconseguia, i que la història es va deixar per sempre sense una conclusió.	Frase feta (...wits’ end). Correlació temps verbals. Postedició moderada.
19	I felt that I should have no peace until I knew, and yet I shrank from asking her again after once she had told me what was false.	Vaig sentir que no tindria pau fins que ho conegués, però no em vaig tornar a preguntar una vegada que m'havia dit que era fals.	Vaig sentir que no tindria pau fins que no ho sabés, però em vaig desdir de tornar-li a preguntar després que m'havia dit una falsedat.	Omissió (shrank). Transformació oració de relatiu (what was false). Postedició moderada.
20	You know that I would not have a secret from you if it were not for your own sake.	Ja saps que no tindria un secret de tu si no fos per tu mateix 	Ja saps que no tindria un secret per a tu si no fos pel teu bé. 	Preposició (*de/per a). Adaptació locució. Postedició poca.
21	Save for the occasional use of cocaine, he had no vices, and he only turned to the drug as a protest against the monotony of existence when cases were scanty and the papers uninteresting.	A excepció de l'ús ocasional de la cocaïna, no tenia cap vicissitud, i només es va dirigir a la droga com una protesta contra la monotonia de l'existència quan els casos eren escasses i els documents no interessaven.	A excepció de l'ús ocasional de la cocaïna, no tenia cap vici, i només recorria a la droga com a protesta contra la monotonia de l'existència quan els casos eren escassos i els documents no eren interessants.	Lèxic (vices > *vicissituds > vicis). Concordança de gènere (casos *escasses). Postedició poca.
22	My mind was instantly filled with suspicion.	La meva ment estava plena de sospita instantàniament.	La meva ment s’omplí de sospita instantàniament.	Pèrdua de canvi d’estat en l’acció. Postedició poca.
23	I stood at the door for a few minutes, and now I am quite myself again.	Em vaig quedar a la porta uns minuts i ara sóc bastant més.	M’he quedat dret a la porta uns minuts i ara torno a ser bastant jo mateix.	Segona coordinada incompleta. Pèrdua de contingut (stood). Postedició moderada.
24	I was badly in need of a case, and this looks, from the man's impatience, as if it were of importance.	No tenia necessitat d'un cas, i això es veia, des de la impaciència de l'home, com si fos d'importància.	Tenia molta necessitat d'un cas, i això sembla, per la impaciència de l'home, que era d'importància.	Negació >> canvi semàntic (contrari) (I was badly in need of...). Postedició moderada.
25	My husband died at Atlanta.	El meu marit va morir a Atlanta.	El meu marit va morir a Atlanta.	Correcte.
26	But we had not a very long time to wait for that.	Però no vam tenir molt de temps a esperar.	Però no vam haver d’esperar gaire temps.	Error a causa de l’ordre no natural dels elements del segment original. Postedició moderada.
27	My wife seemed to be as upset as myself, and I could see from the little questioning glances which she kept shooting at me that she understood that I disbelieved her statement, and that she was at her wits' end what to do.	La meva dona semblava estar tan molesta com jo, i vaig poder veure des de les petites mirades d'interrogació que ella em va disparar i va comprendre que no creia la seva declaració i que estava al capdavall de què fer.	La meva dona semblava estar tan molesta com jo, i vaig poder veure, per les petites mirades d'interrogació que ella em dirigia, que havia comprès que no creia la seva declaració i que ja no sabia què més fer.	Pèrdua de continuïtat (kept shooting > ?em va disparar). Concatenació de subordinades. Frase feta. Postedició moderada.
28	When new facts come to our knowledge which cannot be covered by it, it will be time enough to reconsider it.	Quan nous fets arriben al nostre coneixement que no poden cobrir-lo, serà el temps suficient per reconsiderar-lo.	Quan el nostre coneixement no pot cobrir els nous fets que li arriben, és temps de reconsiderar-lo.	Canvi de CAgent per CD >> canvi semàntic. Postedició elevada.
29	Our visitor again passed his hand over his forehead, as if he found it bitterly hard.	El nostre visitant va tornar a passar la mà sobre el front, com si el trobés amargament.	El nostre visitant es va tornar a passar la mà per sobre el front, com si el trobés amargament dur.	Pronom reflexiu (es). Postedició poca.
30	An instant later our door opened, and a tall young man entered the room.	Un instant més tard, la nostra porta es va obrir, i un jove alt va entrar a la sala. 	Un instant més tard, la nostra porta es va obrir, i un jove alt va entrar a la sala. 	Correcte.
31	Holmes and I had listened with the utmost interest to this extraordinary statement, which had been delivered in the jerky, broken fashion of a man who is under the influence of extreme emotions.	Holmes i jo havíem escoltat amb el màxim interès aquesta extraordinària afirmació, que havia estat lliurada en la forma trencadissa i trencada d'un home que està sota la influència d'emocions extremes.	Holmes i jo havíem escoltat amb el màxim interès aquesta extraordinària exposició, que havia estat lliurada de la forma nuada i trencada d'un home que es troba sota la influència d'emocions extremes.	Adjectiu (jerky > *trencadissa). Postedició moderada.
32	Well, he must have been disturbed in his mind to leave a pipe behind him which he evidently values highly.	Bé, hauria d'haver estat molestat en la seva ment per deixar una canonada darrere d'ell que evidentment valora molt.	Bé, hauria d'haver estat amoïnat per deixar-se una pipa que evidentment valora molt.	Error expressions (disturbed in his mind > ?molestat en la seva ment > amoïnat; to leave behind > ?deixar darrere d’ell). Lèxic (pipe > ?canonada > pipa). Postedició moderada.
33	There was such earnestness, such despair, in her manner that her words arrested me, and I stood irresolute before the door.	Hi havia tanta serietat, tal desesperació, de la seva manera que les seves paraules em van arrestar i em vaig quedar sense ressaltar davant la porta.	Hi havia tanta serietat, tanta desesperació en el seu fer, que les seves paraules em van aturar i em vaig quedar sense fer res davant la porta.	Preposició (?de/en) >> canvi semàntic. Lèxic (irressolute > *sense ressaltar > sense fer res). Postedició elevada.
34	This sickened her of America, and she came back to live with a maiden aunt at Pinner, in Middlesex.	Això la va deixar malament d'Amèrica, i va tornar a viure amb una tia donzella a Pinner, a Middlesex.	Això li va fer avorrir Amèrica, i va tornar a viure amb una tia soltera a Pinner, Middlesex.	Expressió (to sick someone of something). Lèxic (maiden > ?donzella). Postedició moderada.
35	Annoyed at the churlish rebuff, I turned my back and walked home.	Embolicat a la rebuig churlish, vaig girar l'esquena i vaig caminar a casa.	Enfadat pel rebuig groller, em vaig girar d’esquena i vaig caminar cap a casa.	Subordinada inicial. Lèxic (churlish). Postedició elevada
36	Until you tell me who it is that has been living in that cottage, and who it is to whom you have given that photograph, there can never be any confidence between us, said I, and breaking away from her, I left the house.	Fins que no em diguis que és qui ha estat vivint en aquesta casa de camp, i qui és a qui ha donat aquesta fotografia, mai no hi ha cap confiança entre nosaltres, em va dir, i allunyant-se d'ella, em vaig anar la casa.	Fins que no em diguis qui ha estat vivint en aquesta casa de camp, i a qui has donat aquesta fotografia, mai no hi pot haver cap confiança entre nosaltres, vaig dir, i allunyant-me d'ella vaig sortir de la casa.	Correlació temps verbals. Omissió contingut (there can never be). Canvi de Subjecte per CD. Final erroni. Postedició elevada.
37	It was a strange puzzle, and yet I knew that my mind could never know ease again until I had solved it.	Va ser un trencaclosques estrany i, tanmateix, vaig saber que la meva ment mai no podia tornar a saber-la fins que la resolgués.	Va ser un trencaclosques estrany i, tanmateix, vaig saber que la meva ment mai no podria tornar a la tranquil·litat fins que el resolgués.	Expressió (to know ease). Postedició poca.
38	You appear, however, to have been disagreeably impressed by it.	No obstant això, sembla que ha estat impressionat desagradablement per això.	No obstant això, sembla que heu estat impressionat desagradablement per això.	Correcte.
39	I will tell you the meaning of it, cried the lady, sweeping into the room with a proud, set face.	Et diré el significat d'això, va cridar la senyora, arrossegant-se a la sala amb una cara orgullosa i confusa.	Us diré el significat d'això, va cridar la senyora, entrant decididament a la sala amb cara orgullosa i resolta.	Lèxic (set > *confusa). Postedició poca.
40	If you have reason to believe that it is inhabited, do not force your way in, but send a wire to my friend and me.	Si tens motius per creure que està habitat, no t'obliguis, però envia un cable al meu amic i jo. 	Si teniu motius per creure que està habitada, no forceu l’entrada; envieu-nos un telegrama al meu amic i a mi. 	Frase feta (force your way in > ?no t’obliguis > no forceu l’entrada). Postedició moderada.
41	I determined to say nothing about the former to my wife, for she is a nervous, highly strung woman, and I had no wish that she would share the unpleasant impression which had been produced upon myself.	Vaig decidir no dir res sobre el primer a la meva dona, ja que ella és una dona nerviosa i molt encallada, i no desitjava que compartís la impressió desagradable que m'havia produït.	Vaig decidir no dir res sobre el primer a la meva dona, ja que ella és una dona nerviosa i molt afectada, i no desitjava que compartís la impressió desagradable que m'havia produït.	Lèxic (strung > ?encallada). Postedició poca.
42	We had an inn and two houses a little above us, and a single cottage at the other side of the field which faces us, and except those there were no houses until you got half way to the station.	Vam tenir una posada i dues cases una mica per damunt de nosaltres, i una sola casa rural a l'altre costat del camp que ens enfrontà i, excepte aquells, no hi havia cases fins que es va arribar a la meitat de l'estació.	Teníem una fonda i dues cases una mica més amunt de nosaltres, i una sola casa rural a l'altre costat del camp del davant, i excepte aquestes, no hi havia cases fins que no s’arribava a la meitat del camí de l'estació.	Temps verbal (we had an inn > *vam tenir... > teníem; you got > *es va arribar). Expressions locatives. Postedició elevada.
43	She followed me, however, before I could close the door.	No obstant això, ella em va seguir abans de tancar la porta.	No obstant això, ella em va seguir abans de tancar la porta.	Correcte.
44	As I did so I happened to glance out of one of the upper windows, and saw the maid with whom I had just been speaking running across the field in the direction of the cottage.	Com ho vaig fer, vaig passar una ullada a una de les finestres més altes, i vaig veure la criada amb la qual acabava de parlar corrent a través del camp en direcció a la casa de camp.	Mentre ho feia, vaig poder veure, per una de les finestres de dalt, la criada amb la qual acabava de parlar, corrent a través del camp en direcció a la casa de camp.	Adverbi temps (as > ?com > mentre). Pèrdua semàntica de manca d’intencionalitat (happened to glance > ?vaig passar una ullada > vaig poder veure). Preposició (?a/per) >> canvi d’ubicació del subjecte. Postedició elevada.
45	She promises him then not to go there again, but two days afterwards the hope of getting rid of those dreadful neighbors was too strong for her, and she made another attempt, taking down with her the photograph which had probably been demanded from her.	Ella li promet que no torni a anar-hi, però dos dies més tard, l'esperança de desfer-se d'aquells terribles veïns era massa forta per a ella, i va fer un altre intent, amb la fotografia que probablement s'havia exigit.	Llavors ella li promet que no tornarà a anar-hi, però dos dies més tard, l'esperança de desfer-se d'aquells terribles veïns era massa forta per a ella, i va fer un altre intent, amb la fotografia que probablement se li havia demanat.	Temps verbal (*torni > tornarà). Sintaxi de la subordinada >> canvi semàntic (*s’havia exigit > se li havia demanat). Postedició moderada.
46	But you saw me go, and that was the beginning of my troubles.	Però em vas veure, i això va ser el començament dels meus problemes.	Però em vas veure marxar, i això va ser el començament dels meus problemes.	Omissió de verb important (...you saw me go > ?em vas veure). Postedició mínima.
47	And if it is still empty?	I si encara està buit?	I si encara està buit?	Correcte.
48	For two hours we rambled about together, in silence for the most part, as befits two men who know each other intimately.	Durant dues hores ens passejàvem junts, en silenci en la seva major part, com correspon a dos homes que es coneixen íntimament.	Durant dues hores ens passejàrem junts, en silenci en la seva major part, com correspon a dos homes que es coneixen íntimament.	Temps verbal. Postedició mínima.
49	I am afraid that this is a bad business, Watson, said my companion, as he returned after accompanying Mr. Grant Munro to the door.	Em temo que aquest és un mal negoci, Watson, va dir el meu company, quan va tornar després d'acompanyar al senyor Grant Munro a la porta.	Em temo que aquest és un mal negoci, Watson, va dir el meu company, quan va tornar després d'acompanyar el senyor Grant Munro a la porta.	Transitivitat (acompanyar). Postedició mínima.
50	She waits until her husband is asleep, and then she rushes down to endeavor to persuade them to leave her in peace.	Ella espera fins que el seu marit estigui adormit, i després es precipita per intentar persuadir-los que la deixin en pau.	Ella espera fins que el seu marit estigui adormit, i després es precipita per intentar persuadir-los que la deixin en pau.	Correcte.
51	During that time my wife and I have loved each other as fondly and lived as happily as any two that ever were joined.	Durant aquest temps, la meva dona i jo ens hem estimat amb afecte i vivim tan feliços com els dos que mai s'havien unit.	Durant aquest temps la meva dona i jo ens hem estimat tan profundament i viscut tan feliçment com qualsevol parella que mai s’hagi unit.	Comparativa començada amb «as... as...». Temps verbal. Postedició moderada.
52	Some day, perhaps, but not just at present, Jack.	Alguns dia, potser, però no només en l'actualitat, Jack.	Algun dia, potser, però ara per ara no, Jack.	Adversativa començada amb «but not just...». Expressió temporal de context (at present > ?en l’actualitat > ara). Postedició moderada.
53	I went as far as the Crystal Palace, spent an hour in the grounds, and was back in Norbury by one o'clock.	Vaig arribar tan lluny com el Crystal Palace, passava una hora al recinte, i tornava a Norbury per una a la una.	Vaig arribar tan lluny com el Crystal Palace, vaig passar una hora al recinte, i tornava a ser a Norbury cap a la una en punt.	Última coordinada: expressió locativa (was back in Norbury), expressió temporal (by one o’clock). Correlació temps verbals. Postedició moderada.
54	Suddenly this morning it occurred to me that you were the man to advise me, so I have hurried to you now, and I place myself unreservedly in your hands.	De sobte, aquest matí em va donar a conèixer que era l'home que m'aconsellava, així que ara m'he apressat i em poso sense reserves a les teves mans.	De sobte, aquest matí se m’ha ocorregut que vós havíeu de ser l’home que m’aconsellés, així que ara m'he apressat i em poso sense reserves a les vostres mans.	Expressió (to be the one to do something). Correlació temps verbals. Lèxic (ocurred > *em va donar a conèixer > se m’ha ocorregut). Postedició moderada.
55	We shall be with you within an hour of receiving it, and we shall then very soon get to the bottom of the business.	Estarem amb vostè dins d'una hora després de rebre'l, i aviat arribarem al fons de l'empresa.	Serem amb vós al cap d'una hora després de rebre'l, i aviat arribarem al fons de l'assumpte.	Expressió temporal. Lèxic de context (business > *empresa > assumpte). Postedició moderada.
56	Sherlock Holmes was a man who seldom took exercise for exercise's sake.	Sherlock Holmes era un home que rarament prenia l'exercici pel benestar de l'exercici.	Sherlock Holmes era un home que rarament feia exercici pel bé de l'exercici.	Expressió feta. Postedició mínima.
57	In the cottage lay the secret which was casting a shadow over my life.	A la caseta hi havia el secret que estava omplint la meva vida.	A la caseta hi havia el secret que omplia d’ombra la meva vida.	Omissió de mot important (shadows) >> canvi semàntic crític. Postedició poca.
58	If I had been less cautious I might have been more wise, but I was half crazy with fear that you should learn the truth.	Si hagués estat menys cautelós, podria haver estat més prudent, però era una mica boig amb la por de saber la veritat.	Si hagués estat menys cautelosa, podria haver estat més prudent, però tenia molta por que tu sabessis la veritat.	Adversativa amb locució (to be half crazy with...) Postedició moderada.
59	Her husband developed some hateful qualities; or shall we say that he contracted some loathsome disease, and became a leper or an imbecile?	El seu marit va desenvolupar qualitats odioses; o hem de dir que va contreure alguna malaltia aversiva i es va convertir en un leproso o imbécil?	El seu marit va desenvolupar qualitats odioses; o hem de dir que va contreure alguna malaltia aversiva i es va convertir en un leprós o un imbècil?	Omissió de determinant indefinit (some). Lèxic castellà (leproso, imbécil). Postedició mínima.
60	Mr. Grant Munro pushed impatiently forward, however, and we stumbled after him as best we could.	Tanmateix, el senyor Grant Munro va avançar amb impaciència i ens vam trobar amb el millor possible. 	Tanmateix, el senyor Grant Munro va avançar amb impaciència i vam anar a trompicons darrere d’ell el millor possible. 	Segona copulativa >> canvi semàntic (stumbled after him > *ens vam trobar). Postedició elevada.
61	It was a cosey, well-furnished apartment, with two candles burning upon the table and two upon the mantelpiece.	Era un apartament ben equipat, amb dues espelmes cremades sobre la taula i dues sobre la llar de foc.	Era un apartament ben equipat, amb dues espelmes enceses sobre la taula i dues sobre la llar de foc.	Lèxic (two candles burning > dues espelmes *cremades) >> canvi semàntic. Postedició poca.
62	Why do you look at me like that, Jack?	Per què em veus així, Jack?	Per què em mires així, Jack?	Verb (look > *veure > mirar) >> canvi semàntic. Postedició mínima.
63	And now, since last Monday, there has suddenly sprung up a barrier between us, and I find that there is something in her life and in her thought of which I know as little as if she were the woman who brushes by me in the street.	I ara, des del dilluns passat, de sobte, hi ha hagut una barrera entre nosaltres, i trobo que hi ha alguna cosa a la seva vida i, en el seu pensament, sé tan poc com si fos la dona que em raspallava al carrer .	I ara, des del dilluns passat, de sobte, hi ha hagut una barrera entre nosaltres, i trobo que hi ha alguna cosa a la seva vida i en el seu pensament, dels quals sé tan poc com de la dona que em passa fregant pel carrer.	Pronom relatiu en oració subordinada >> manca de continuïtat. Postedició moderada.
64	My dear Mr. Grant Munro— began Holmes.	El meu estimat Sr Grant Munro- va començar Holmes.	Estimat Sr Grant Munro- va començar Holmes.	Expressió. Postedició mínima.
65	I burst out laughing, out of sympathy with her merriment; but Grant Munro stood staring, with his hand clutching his throat.	Vaig esclatar rient, amb simpatia amb la seva alegria; però Grant Munro es va quedar mirant, amb la mà agafant la gola.	Vaig esclatar a riure, en simpatia amb la seva alegria; però Grant Munro es va quedar mirant, amb la mà agafant-se la gola.	Perífrasi verbal (*esclatar rient > esclatar a riure). Pronom reflexiu (agafant-se). Postedició poca.
66	Well, I told you just now that there is a cottage not far from our house.	Bé, us ho vaig dir ara mateix que hi ha una casa de camp no gaire lluny de casa nostra.	Bé, us he dit ara mateix que hi ha una casa de camp no gaire lluny de casa nostra.	Temps verbal. Postedició mínima.
67	They had one child, but the yellow fever broke out badly in the place, and both husband and child died of it.	Tenien un fill, però la febre groga esclatà malament al lloc, i el marit i el fill van morir d'ell.	Tenien un infant, però la febre groga esclatà fatalment al lloc, i el marit i l’infant van morir.	Lèxic (badly > *malament). Referència díctica. Postedició poca.
68	On the third day, however, I had ample evidence that her solemn promise was not enough to hold her back from this secret influence which drew her away from her husband and her duty.	El tercer dia, però, tenia àmplia evidència que la seva solemne promesa no era suficient per retirar-la d'aquesta influència secreta que la va apartar del seu marit i del seu deure.	El tercer dia, però, tenia àmplia evidència que la seva solemne promesa no era suficient per retirar-la d'aquesta influència secreta que l’havia apartat del seu marit i del seu deure.	Correlació temps verbals. Postedició mínima.
69	The facts are these, Mr. Holmes, said he.	Els fets són aquests, senyor Holmes, va dir ell.	Els fets són aquests, senyor Holmes, va dir ell.	Correcte.
70	As I entered the house the maid ran into the hall with a startled face.	Quan vaig entrar a la casa, la criada va entrar al vestíbul amb una cara sorprenent.	Quan vaig entrar a la casa, la criada va entrar corrent al vestíbul amb una cara de sorpresa.	Adjectiu (startled face > *sorprenent > de sorpresa). Postedició mínima.
71	It was our misfortune that our only child took after his people rather than mine.	Va ser la nostra desgràcia que el nostre únic fill va prendre després del seu poble més que el meu.	Va ser la nostra desgràcia que la nostra única filla s’assemblés més a la seva família que a la meva.	Phrasal verb (took after his people). Lèxic (people > ?poble). Postedició moderada.
72	Well, I should put the original cost of the pipe at seven and sixpence.	Bé, hauria de posar el cost original de la canonada a les set i sis setmanes.	Bé, hauria de posar el cost original de la pipa en set amb sis penics.	Expressió monetària. Lèxic (pipe > ?canonada). Postedició moderada.
73	Holmes, with a laugh, passed his hand behind the child's ear, a mask peeled off from her countenance, and there was a little coal black negress, with all her white teeth flashing in amusement at our amazed faces.	Holmes, amb una rialla, va passar la mà darrere de l'orella del nen, es va treure una màscara del rostre i hi va haver una mica de negre negra de carbó, amb totes les dents blanques que parpellejaven a les nostres cares sorprenents.	Holmes, amb una rialla, va passar la mà per darrere de l'orella de la nena, li va treure una màscara del rostre i va aparèixer una nena negra com el carbó, amb totes les dents blanques enlluernant divertidament les nostres cares de sorpresa.	Error subjecte/CI (*es va treure > li va treure). Concatenació d’adjectius (little coal black negress. Lèxic (amused faces > cares *sorprenents). Omissió CCManera (in amusement). Postedició elevada.
74	I should like to think over the matter a little now.	M'agradaria pensar una mica sobre la qüestió ara.	M'agradaria pensar una mica sobre la qüestió ara.	Correcte.
75	The indications here, however, are neither very marked nor very important.	Les indicacions aquí, però, no són ni molt marcades ni molt importants.	Les indicacions aquí, però, no són ni gaire marcades ni gaire importants.	Adverbi (very > ?molt > gaire). Postedició mínima.
76	Yes, of course I should have knocked.	Sí, per descomptat, hauria d'haver trucat.	Sí, per descomptat, hauria d'haver trucat.	Correlació temps verbals. Omissió contingut (there can never be). Canvi de Subjecte per CD. Final erroni. Postedició elevada.
77	It was of a livid chalky white, and with something set and rigid about it which was shockingly unnatural.	Era d'un blanc líquid líquid, i amb alguna cosa fix i rígid al respecte que va ser sorprenentment antinatural.	Era d'un blanc lívid de guix, i amb alguna cosa fixa i rígida que era sorprenentment antinatural.	Concatenació d’adjectius (livid chalky white). Gènere gramatical (cosa *fix i *rígid). Postedició poca.
78	How can you tell me what you know is false?	Com em pots dir el que saps és fals?	Com em pots dir una cosa que saps que és falsa?	No genuí. Postedició poca.
79	I have seen his death certificate.	He vist el certificat de defunció.	N’he vist el certificat de defunció.	Pronom feble. Postedició mínima.
80	I don't want to argue about that.	No vull discutir sobre això. 	No vull discutir sobre això. 	Correcte.
81	It's horrible to have to do it.	És horrible haver de fer-ho.	És horrible haver de fer-ho.	Postedició mínima (optativa: haver-ho de fer).
82	Though I knew the danger, I determined to have the child over, if it were but for a few weeks.	Tot i que sabia el perill, em vaig decidir a tenir el nen, si ho fos, però durant unes setmanes.	Tot i que sabia el perill, vaig decidir fer venir la nena, però només durant unes setmanes.	Phrasal verb (to have someone over). Construcció condicional (if it were but...). Postedició moderada.
83	I should have put him at about thirty, though he was really some years older.	Hauria d'haver-lo posat a prop de trenta, tot i que era realment un any més antic.	Li hauria posat trenta anys, tot i que realment era uns anys més gran.	Phrasal verb/ locució (to put someone at) per indicar l’edat d’algú. Lèxic (older > *antic > gran/vell). Postedició moderada.
84	I see that you have only just moved in, so I thought that if I could be of any help to you in any—	Veig que només heu instal·lat, així que vaig pensar que si poguessin ajudar-vos en qualsevol,	Veig que us acabeu d’instal·lar, així que he pensat que si jo pogués ajudar-vos en qualsevol...	Pronom reflexiu (us). Adverbi (only just > *només). Temps verbal. Postedició moderada.
85	You can see for yourselves that some one is there.	Vostè pot veure per vosaltres mateixos que algú està allà.	Podeu veure per vosaltres mateixos que hi ha algú allà.	Canvi de persona verbal. Distinció estar/haver-hi. Postedició moderada.
86	And you won't tell me what you want it for?	I no em diràs el que vols?	I no em diràs per a què ho vols?	Construcció «what you want it for». Postedició poca.
87	He has been in the habit of lighting his pipe at lamps and gas-jets.	Ha estat l'hàbit d'encendre la seva canonada en llums i gasos.	Ha tingut l'hàbit d'encendre la seva pipa en làmpades i sortidors de gas.	Locució «has been in the habit». Lèxic (pipe > ?canonada; gas-jets > *gasos). Postedició poca.
88	If the cottage is now permanently deserted we may have some difficulty.	Si la casa està permanentment abandonada, és possible que tinguem alguna dificultat.	Si la casa està permanentment abandonada, és possible que tinguem alguna dificultat.	Correcte.
89	Still pulling at my sleeve, she led me away from the cottage.	Encara estant a la màniga, em va allunyar de la caseta.	I encara, estirant-me de la màniga, em va allunyar de la caseta.	Lèxic (pulling > *estant > estirant). Postedició poca.
90	I am sorry that I broke my promise, Jack, said she; but if you knew all the circumstances I am sure that you would forgive me.	Lamento haver incomplert la meva promesa, Jack, va dir ella; Però si coneguessis totes les circumstàncies estic segur que em perdonis.	Lamento haver incomplert la meva promesa, Jack, va dir ella; Però si coneguessis totes les circumstàncies estic segura que em perdonaries.	Gènere del subjecte. Postedició mínima.
91	As I stood there, imagine my surprise, Mr. Holmes, when the door suddenly opened and my wife walked out.	Quan em vaig quedar allà, imagineu la meva sorpresa, senyor Holmes, quan la porta es va obrir de sobte i la meva dona va sortir.	Mentre era dret allà, imagineu la meva sorpresa, senyor Holmes, quan la porta es va obrir de sobte i la meva dona va sortir.	Adverbi (as > ?quan > mentre). Temps verbal. Postedició mínima.
92	Tell me, said he at last, could you swear that this was a man's face which you saw at the window?	Digues-me, va dir finalment: podries jurar que aquesta era la cara d'un home que has vist a la finestra?	Digueu-me, va dir finalment: podríeu jurar que era la cara d'un home, la que heu vist a la finestra?	Manca pronom «la» >> canvi semàntic. Postedició mínima.
93	From every gesture and expression I could see that he was a reserved, self-contained man, with a dash of pride in his nature, more likely to hide his wounds than to expose them.	De cada gest i expressió vaig poder veure que era un home reservat i autònom, amb un orgull de la seva naturalesa, més probable que ocultés les seves ferides que exposar-les.	De cada gest i expressió he pogut veure que era un home reservat i contingut, amb un xic d’orgull en la seva naturalesa, més propens a ocultar les seves ferides que a exposar-les.	Temps verbal. Lèxic (contained > *autònom > contingut). Omissió lèxica (dash). Comparativa mal resolta. Postedició moderada.
94	What on this earth could my wife be doing out on the country road at three in the morning?	Què en aquesta terra podria fer la meva dona a la carretera nacional a les tres de la matinada?	Què diantre podia fer la meva dona a la carretera nacional a les tres de la matinada?	Expressió (What on this earth...). Postedició poca.
95	When I left her in America, she continued, it was only because her health was weak, and the change might have done her harm.	Quan la vaig deixar a Amèrica, va continuar, va ser només perquè la seva salut era feble, i el canvi podria haver fet mal.	Quan la vaig deixar a Amèrica, va continuar, va ser només perquè la seva salut era feble, i el canvi li podria haver fet mal.	Postedició mínima.
96	I was a bit staggered at this, for I had imagined it was simply a new dress or something of the kind that she was after.	Estava una mica escalonat en això, ja que m'havia imaginat que era simplement un vestit nou o alguna cosa del tipus que va ser després.	Estava una mica estupefacte amb això, ja que m'havia imaginat que era simplement un vestit nou o alguna cosa del tipus que ella persegueix.	Lèxic (staggered > *escalonat > estupefacte/sorprès). Última subordinada. Postedició moderada.
97	The furniture and pictures were of the most common and vulgar description, save in the one chamber at the window of which I had seen the strange face.	El mobiliari i les imatges eren de la descripció més comuna i vulgar, excepte en una càmera a la finestra de la qual havia vist l'estranya cara.	El mobiliari i les imatges eren de la mena més comuna i vulgar, excepte en la cambra a la finestra de la qual havia vist l'estranya cara.	Postedició mínima.
98	Not another word did he say of the case until late that night, when he was turning away, with his lighted candle, for his bedroom.	No va dir una altra paraula del cas fins a la nit, quan es va allunyar, amb la seva espelma il·luminada, pel seu dormitori.	No va dir una altra paraula del cas fins a la nit, quan es va allunyar, amb la seva espelma encesa, cap al seu dormitori.	Preposició (for > *per > cap a). Postedició mínima.
99	I could not tell if the face were that of a man or a woman.	No podia dir si la cara fos d'un home o una dona.	No podia dir si la cara era d'un home o una dona.	Temps verbal (were > *fos). Postedició mínima.
100	You might do it once the other way, but not as a constancy.	Podeu fer-ho una altra vegada, però no com a constància. 	Podeu fer-ho una vegada al revés, però no com a constància. 	Retraducció.
101	Next day you had my secret at your mercy, but you nobly refrained from pursuing your advantage.	L'endemà tenia el meu secret a la vostra mà, però no es va abstenir de continuar amb el vostre avantatge.	L'endemà tenies el meu secret a la teva mercè, però et vas refrenar noblement de continuar amb el teu avantatge.	Omissió d’adverbi no crítica (nobly). Afegeix negació >> canvi semàntic. Postedició poca.
102	Well, last Monday evening I was taking a stroll down that way, when I met an empty van coming up the lane, and saw a pile of carpets and things lying about on the grass-plot beside the porch.	Bé, el dilluns a la tarda, passejava d'aquesta manera, quan vaig conèixer una camioneta buida que veia el carril, i veié un munt de catifes i coses que hi havia al parc de la gespa al costat del pòrtic.	Bé, el dilluns a la tarda, passejava avall en aquella direcció, quan vaig trobar-me una camioneta buida que pujava, i vaig veure una pila de catifes i coses que hi havia al parterre de gespa del costat del porxo.	Pèrdua de direcció (taking a stroll down that way). Lèxic (meet > ?conèixer > trobar). Temps verbal (saw > *veia). Preposició (on > *de > al). Postedició elevada.
103	I wish you both to be there as witnesses.	Us desitjo que hi hagi testimonis.	Desitjo que tots dos sigueu allà com a testimonis.	Retraducció.
104	Her name then was Mrs. Hebron.	El seu nom era llavors Mrs. Hebron.	El seu nom era llavors Mrs. Hebron.	Correcte.
105	The cottage had been standing empty this eight months, and it was a pity, for it was a pretty two-storied place, with an old-fashioned porch and honeysuckle about it.	La casa va estar buida durant vuit mesos i va ser una llàstima, ja que era un lloc molt bonic, amb un porxo i lligabosc antics.	La casa va estar buida aquests vuit mesos i va ser una llàstima, ja que era un lloc molt bonic, amb un porxo antic i lligabosc al voltant.	Omissió (two-storied). Descol·loca (old-fashioned). Omissió expressió locativa (about it). Postedició moderada.
106	It happened that my way took me past the cottage, and I stopped for an instant to look at the windows, and to see if I could catch a glimpse of the strange face which had looked out at me on the day before.	Va passar que el meu camí em va fer passar per la casa de camp, i em vaig aturar un instant per mirar les finestres i veure si podia veure l'estranya cara que m'havia mirat el dia anterior.	Va passar que el meu camí em va fer passar per la casa de camp, i em vaig aturar un instant per mirar les finestres i veure si podia veure l'estranya cara que m'havia mirat el dia anterior.	Correcte.
107	I vowed that, come what might, it should be a secret no longer.	Jo vaig prometre que, vingui el que pugui, ja no hauria de ser un secret.	Jo vaig prometre que, passés el que passés, ja no hauria de ser més un secret.	Locució. Postedició mínima.
108	It was you who told me first that the cottage was occupied.	Va ser vostè qui em va dir abans que la casa estava ocupada.	Va ser vostè qui em va dir primer que la casa estava ocupada.	Adverbi. Postedició mínima.
109	I am going to force my way in and see for myself who is in the house.	Vaig a forçar el meu camí i veure per mi qui està a la casa.	Entraré per la força i veuré per mi mateix qui hi ha a la casa.	Expressió (force my way in > *forçar el meu camí > forçaré l’entrada/entraré per la força). Distinció estar/haver-hi. Postedició moderada.
110	She flies from him at last, returns to England, changes her name, and starts her life, as she thinks, afresh.	Vola d'ell per fi, torna a Anglaterra, canvia el seu nom i comença la seva vida, com pensa, de nou.	S’allunya d'ell per fi, torna a Anglaterra, canvia el seu nom i comença la seva vida, com ella pensa, de nou.	Traducció literal (flies > ?vola > s’allunya) Postedició poca.
111	I should have waited for the morning, but I could not sleep for excitement, and so at last I slipped out, knowing how difficult it is to awake you.	Hauria d'haver esperat el matí, però no vaig poder dormir per excitació, i per fi em vaig escapar, sabent el difícil que és despertar-te.	Hauria d'haver esperat al matí, però no vaig poder dormir per excitació, i per fi em vaig escapar, sabent el difícil que és despertar-te.	Correcte.
112	Your very voice changes as you speak.	La teva veu canvia a mesura que parles.	La teva veu canvia a mesura que parles.	Correcte.
113	It was a very dark night, and a thin rain began to fall as we turned from the high road into a narrow lane, deeply rutted, with hedges on either side.	Va ser una nit molt fosca, i va començar a caure una pluja fina a mesura que passàvem des de la carretera alta cap a un carril estret, profundament travessat, amb tanques a banda i banda.	Va ser una nit molt fosca, i va començar a caure una pluja fina a mesura que passàvem de la carretera a una pista estreta, profundament solcada, amb tanques (o bardisses) a banda i banda.	Lèxic (high road > *carretera alta). Postedició poca.
114	The man must value the pipe highly when he prefers to patch it up rather than buy a new one with the same money.	L'home ha de valorar molt la pipa quan prefereix patxear-la i no comprar-ne una amb els mateixos diners.	L'home ha de valorar molt la pipa quan prefereix apedaçar-la més que no comprar-ne una altra amb els mateixos diners.	Lèxic (to patch > *patxear > apedaçar). Omissió (a new one). Postedició mínima.
115	Now it has, you see, been twice mended, once in the wooden stem and once in the amber.	Ara, ho veieu, ha estat reparat dues vegades, una vegada a la tija de fusta i una vegada a l'ambre.	Ara, ho veus, ha estat reparada dues vegades, una a la tija de fusta i una altra a l'ambre.	Gènere. Postedició mínima.
116	There's been a gentleman here asking for you, sir.	He estat un cavaller aquí demanant-te, senyor.	Ha vingut un senyor aquí preguntant per vostè, senyor.	Error subjecte >> canvi semàntic. Postedició moderada
117	I'll tell you what I know about Effie's history.	Us explicaré el que sé de la història d'Effie.	Us explicaré el que sé de la història d'Effie.	Correcte.
118	I trust that we may do as much for you.	Confio que puguem fer-ho tant per vostè.	Confio que puguem fer igual per vós.	Adverbial complicada. Postedició poca.
119	You are at liberty to preserve your secret, but you must promise me that there shall be no more nightly visits, no more doings which are kept from my knowledge.	Teniu la llibertat de conservar el vostre secret, però heu de prometre'm que no hi haurà més visites nocturnes, ni més coses que es conserven del meu coneixement.	Tens la llibertat de conservar el teu secret, però has de prometre'm que no hi haurà més visites nocturnes, ni més coses que s’amaguin al meu coneixement.	Lèxic de context (keep > ?conservar > amagar). Postedició poca.
120	Have you ever seen a photograph of her first husband?	Alguna vegada has vist una fotografia del seu primer marit?	Alguna vegada heu vist una fotografia del seu primer marit?	Postedició mínima.
121	She was given to the care of a faithful Scotch woman who had once been our servant.	Va rebre la cura d'una fidel escocesa que havia estat el nostre servent.	Va ser donada a cura d’una fidel dona escocesa que havia estat la nostra serventa.	Gènere. Omissió de substantiu (woman). Expressió (she was given to the care of). Postedició moderada.
122	Her face was turned away as we entered, but we could see that she was dressed in a red frock, and that she had long white gloves on.	El rostre s'apartava mentre entravem, però vam poder veure que estava vestida amb un vestit vermell, i que tenia llargs guants blancs.	El seu rostre s'apartava mentre entràvem, però vam poder veure que anava vestida amb un vestit vermell i que duia posats uns llargs guants blancs.	Verbs ben conjugats, però poc acurats. Postedició poca.
123	My wife had gone over there, and had asked the servant to call her if I should return.	La meva dona hi havia anat allà, i li havia demanat que el servent la cridés si tornaria.	La meva dona havia anat allà, i li havia demanat a la serventa que la cridés si jo tornava.	Díctic superflu (hi). Pleonasme (li). Construcció complicada al final. Postedició moderada.
124	For two days after this I stayed at home, and my wife appeared to abide loyally by our engagement, for, as far as I know, she never stirred out of the house.	Durant dos dies després d'això, em vaig quedar a casa, i la meva dona semblava respectar lleialment el nostre compromís, ja que, pel que sé, mai no va sortir de casa.	Durant dos dies després d'això, em vaig quedar a casa, i la meva dona semblava respectar lleialment el nostre compromís, ja que, pel que sé, mai no va sortir de casa.	Correcte.
125	What do you think of my theory?	Què penses de la meva teoria?	Què en penses de la meva teoria?	Pronom feble. Postedició mínima.
126	The fact is that I felt as though I were choking, and had a perfect longing for a breath of fresh air.	El fet és que em sentia com si estigués ofegant-me, i tingués un anhel perfecte per a un aire fresc.	El fet és que em sentia com si estigués ofegant-me, i tingués un anhel perfecte d’aire fresc.	Omissió no crítica (breath). Preposició (*per a/ de). Postedició poca.
127	I tell you that there never was a shadow between us until this accursed affair began.	Et dic que mai no hi havia una ombra entre nosaltres fins que aquest assumpte maleït comencés.	Li dic que mai hi havia hagut una ombra entre nosaltres fins que aquest assumpte maleït començà.	Correlació temps verbals. Postedició poca.
128	I don't know what there was about that face, Mr. Holmes, but it seemed to send a chill right down my back.	No sé què hi havia sobre aquest rostre, senyor Holmes, però semblava enviar-me un escalofrillo a la meva esquena.	No sé què hi havia en aquell rostre, senyor Holmes, però semblava enviar-me un calfred esquena avall.	Preposició (*sobre/en). Demostratiu (*aquest/ aquell). Lèxic (?escalofrillo). Pèrdua de direcció (avall). Postedició elevada.
129	For three years I have kept her existence a secret from you, but I heard from the nurse, and I knew that all was well with her.	Durant tres anys he mantingut la seva existència en secret, però he escoltat de la infermera, i sabia que tot estava bé amb ella.	Durant tres anys t’he mantingut la seva existència en secret, però vaig tenir notícies de la infermera, i sabia que ella estava bé.	Omissió pronom feble. Locució (I heard from de nurse; all was well with her). Postedició elevada.
130	I think that she has gone out for a walk, she answered.	Crec que ha sortit a passejar, va respondre.	Crec que ha sortit a passejar, va respondre.	Correcte.
131	I had to choose between you, and in my weakness I turned away from my own little girl.	Vaig haver de triar entre tu i, en la meva debilitat, em vaig apartar de la meva pròpia nena.	Vaig haver de triar entre vosaltres dos i, en la meva debilitat, em vaig apartar de la meva pròpia nena.	Canvi persona verbal (you > *tu > vosaltres). Postedició mínima.
132	As we went I glanced back, and there was that yellow livid face watching us out of the upper window.	Mentre vam anar, vaig mirar enrere, i hi va haver una cara lívida groga que ens veia fora de la finestra superior.	Mentre marxàvem, vaig mirar enrere, i allà hi havia aquella lívida cara groga que ens mirava des de la finestra superior.	Errors en verbs i temps verbals (went > *van anar > marxàvem; there was that... > *hi va haver una > allà hi havia aquella...). Postedició elevada.
133	Holmes glanced reproachfully at me.	Holmes em va mirar de manera contundent.	Holmes em va mirar amb retret.	Lèxic ( reproachfully > *de manera contundent > amb retret). Postedició mínima.
134	If, on the other hand, as I fancy is more likely, the inmates were warned of your coming, and left before you entered yesterday, then they may be back now, and we should clear it all up easily.	Si, d'altra banda, com és molt probable, és més probable que els interns estiguin advertits de la vostra arribada, i que van sortir abans d'entrar ahir, que ja poden tornar, i ho hem d'aclarir fàcilment.	Si, d'altra banda, com és molt probable, els inquilins foren advertits de la vostra arribada, i van sortir abans que vós hi entréssiu ahir, ja poden haver tornat, i ho hauríem d'aclarir fàcilment.	Correlació temps verbals. Sintaxi discontínua. Postedició elevada.
135	What link could there be between that creature and my wife?	Quin vincle podria haver entre aquesta criatura i la meva dona?	Quin vincle hi podria haver entre aquesta criatura i la meva dona?	Omissió pronom feble (hi). Postedició mínima.
136	All the rest of the night I tossed and tumbled, framing theory after theory, each more unlikely than the last.	Tota la resta de la nit vaig tirar i va caure, emmarcant teoria després de la teoria, cada vegada més improbable que l'última.	Tota la resta de la nit vaig regirar-me i remoure’m, formulant teoria rere teoria, cada una més improbable que l'anterior.	Verbs molt específics (toss, tumble). Parell verb-CD (formular teories). Lèxic afegit (vegada). Postedició elevada.
137	If you come home with me, all will be well.	Si veniu a casa amb mi, tots estaran bé.	Si vens a casa amb mi, tot estarà bé.	Canvi semàntic. Postedició poca.
138	We can do nothing more until we have a message from our friend at Norbury.	No podem fer res més fins que tinguem un missatge del nostre amic a Norbury.	No podem fer res més fins que tinguem un missatge del nostre amic de Norbury.	Preposició (at > *a > de). Postedició mínima.
139	I could not see her face in the darkness, but her arms were thrown out in an attitude of entreaty.	No podia veure la seva cara a la foscor, però els seus braços van ser llançats en actitud d'entranyament.	No podia veure la seva cara en la foscor, però els seus braços van ser llançats en actitud de súplica.	Preposició (in > *a > en). Lèxic (entreaty > *entranyament > súplica). Postedició poca.
140	Might I beg you, as time may prove to be of importance, to furnish me with the facts of your case without further delay?	Podria demanar-li que, com que el temps pugui demostrar ser important, em proporcioni els fets del vostre cas sense més demora?	Podria demanar-vos que, com que el temps demostra ser d’importància, em proporcioneu els fets del vostre cas sense més demora?	Correlació verbal en subordinada intercalada. Postedició poca.
141	We have not had a difference, not one, in thought or word or deed.	No hem tingut una diferència, ni una sola, en el pensament ni en la paraula ni en l'escriptura.	No hem tingut una diferència, ni una sola, ni en el pensament ni en la paraula ni en l'obra.	Lèxic (deed) en expressió. Postedició mínima.
142	I can see that you have not slept for a night or two,” said Holmes, in his easy, genial way.	Puc veure que no has dormit durant una o dues nits, va dir Holmes, amb la seva senzilla i genialitat.	Puc veure que no heu dormit durant una o dues nits, va dir Holmes, amb la seva senzillesa i genialitat.	Barreja substantiu i adjectiu. Postedició poca.
143	There's one thing I ought to tell you before I go further.	Hi ha una cosa que he de dir abans de continuar.	Hi ha una cosa que us he de dir abans de continuar.	Pronom feble (us). Postedició mínima
144	It was evident to me that she was saying what was false.	Em va ser evident que estava dient el que era fals.	Em va semblar evident que deia una falsedat.	Locució «saying what was false». Postedició poca.
145	I pushed my precautions so far as to order her to keep the child in the house during the daytime, and to cover up her little face and hands so that even those who might see her at the window should not gossip about there being a black child in the neighborhood.	Vaig prémer les meves precaucions per demanar-li que mantingués el nen a la casa durant el dia i que cobreixi la seva petita cara i les mans, de manera que fins i tot aquells que podrien veure-la a la finestra no hagin de fer xafarderies sobre que hi ha un fill negre al barri.	Vaig extremar les meves precaucions fins al punt de demanar-li que mantingués la nena dins la casa durant el dia i que li cobrís la petita cara i les mans, de manera que fins i tot aquells que podrien veure-la a la finestra no poguessin fer xafarderies sobre que hi havia un infant negre al barri.	Lèxic de context (pushed). Omissió de locució de manera (so far as to > fins al punt de). Correlació verbal. Postedició moderada.
146	“You wish to employ me as a consulting detective?”	Voleu emprar-me com a detectiu de consultoria?	Voleu donar-me feina de detectiu privat?	Lèxic (employ > *emprar > contractar). Postedició poca.
147	But as I did so the face suddenly disappeared, so suddenly that it seemed to have been plucked away into the darkness of the room.	Però, com ho feia, el rostre va desaparèixer sobtadament, de sobte, que semblava haver estat arrossegat a la foscor de la sala.	Però, mentre ho feia, el rostre va desaparèixer sobtadament, tan de sobte que semblava haver estat arrossegat a la foscor de la sala.	Expressió temporal amb «as» (mentre). Omissió quantitatiu (so suddenly...). Postedició poca.
148	I shall be very much surprised, however, if it is still so when he reconnoitres it this evening.	Em sorprendrà, però, si encara ho és quan ho reconegui aquest vespre.	Em sorprendrà molt, però, si encara ho és quan ell el reconegui aquest vespre.	Omissió quantitatiu (very much). Postedició poca.
149	I saw my wife and the maid hurrying back along the lane, but I did not stop to speak with them.	Vaig veure a la meva dona i la donzella corrent cap al llarg del carril, però no vaig parar de parlar amb ells.	Vaig veure la meva dona i la criada tornar corrent per la pista, però no vaig parar a parlar amb elles.	Preposició (veure a). Lèxic (maid > *donzella > minyona/serventa; lane > *carril > pista/camí). Gènere. Postedició moderada.
150	Well, it must be the creature who lives in the only comfortable room in the place, and has her photograph above his fireplace.	Bé, ha de ser la criatura que viu a l'única habitació confortable del lloc, i té la seva fotografia sobre la seva llar de foc.	Bé, ha de ser la criatura que viu a l'única habitació confortable del lloc, i té la seva fotografia sobre la llar de foc.	Redundància de possessius. Postedició mínima.
151	All evening, though I tried to think of other things, my mind would still turn to the apparition at the window and the rudeness of the woman.	Tot el vespre, tot i que he intentat pensar en altres coses, la meva ment encara tornaria a l'aparició a la finestra i a la rudeza de la dona.	Tot el vespre, tot i que vaig intentar pensar en altres coses, la meva ment encara tornaria a l'aparició a la finestra i a la rudesa de la dona.	Correlació de temps verbals. Lèxic castellà (rudeza). Postedició mínima.
152	It seems dreadful to discuss the conduct of one's wife with two men whom I have never seen before.	Sembla horrible discutir la conducta de la dona amb dos homes que mai he vist abans. 	Sembla horrible discutir la conducta de la dona amb dos homes que mai he vist abans. 	Correcte.
