1	But there's this secret between us, and we can never be the same until it is cleared.	Però hi ha un secret entre nosaltres, i mai no podrem ser el mateix fins que no s'hagi aclarit.	Però hi ha aquest secret entre nosaltres, i mai no podrem ser el mateix fins que no s'hagi aclarit.	Correcte. Determinant (*un/aquest). Postedició mínima.
2	Have seen the face again at the window.	- he tornat a veure la cara a la finestra.	He tornat a veure la cara a la finestra.	Correcte.
3	How long is it since your wife asked you for a hundred pounds?	- quant de temps fa que la teva dona et va demanar cent lliures?	Quant de temps fa que la vostra dona us va demanar cent lliures?	Correcte.
4	As we looked, we saw a dark blur moving across the blind.	Mentre miràvem, vam veure una taca fosca que es movia entre els cecs.	Mentre miràvem, vam veure una taca fosca que es movia a través del cortinatge.	Lèxic (blind > *cec > persiana/cortinatge). Preposició (across > ?entre > a través de/per). Postedició mínima.
5	It has been a standing jest in the family that nothing could ever wake me during the night.	Ha estat una broma de peu dret a la família que res no em podria despertar durant la nit.	Ha estat una broma a la família que res no em podria despertar durant la nit.	Lèxic (standing > ?de peu dret > costant). Postedició mínima.
6	It is often so in such matches, and little Lucy is darker far than ever her father was.	Sovint és així en aquests llumins, i la petita Lucy és més fosca que mai.	Sovint és així, en aquestes unions, i la petita Lucy és més fosca que mai ho fou el seu pare.	Lèxic (matches > *llumins > unions). Construcció complicada. Postedició poca.
7	Having no success, she goes again next morning, and her husband meets her, as he has told us, as she comes out.	Com que no té èxit, se'n torna l'endemà al matí i el seu marit la troba, tal com ens ha dit, quan surt.	No tenint èxit, hi torna l'endemà al matí, i el seu marit se la troba, tal com ell ens ha dit, mentre ella surt.	Correcte. Pèrdua d’informació de persona. Postedició mínima.
8	Then suddenly, with a fierce gesture of his closed hand, like one who throws reserve to the winds, he began.	Llavors, de sobte, amb un gest ferotge de la mà tancada, com qui llança reserva als vents, va començar.	Després, de sobte, amb un gest ferotge amb la mà tancada, com qui agafa el bou per les banyes, va començar.	Preposició (*de/amb). Frase feta. Postedició moderada.
9	Three days later, however, the nurse and child only just escaped from the back door as you rushed in at the front one.	Al cap de tres dies, però, la infermera i la nena tot just acabaven d'escapar-se de la porta del darrere quan vostè va entrar corrents al davant.	Al cap de tres dies, però, la infermera i la nena tot just acabaven d’escapar-se per la porta del darrere quan vós entràreu corrents per la del davant.	Preposició (*de/per). Postedició poca.
10	Then, thinking that I was still asleep, she slipped noiselessly from the room, and an instant later I heard a sharp creaking which could only come from the hinges of the front door.	Llavors, pensant que encara dormia, es va esmunyir sense fer soroll de l'habitació, i al cap d'un moment vaig sentir un cruixit agut que només podia sortir de les frontisses de la porta d'entrada.	Després, pensant que jo encara dormia, ella es va esmunyir sense fer soroll de l'habitació, i al cap d'un moment vaig sentir un cruixit agut que només podia venir de les frontisses de la porta d'entrada.	Correcte. Pèrdua d’informació de persona. Postedició mínima.
11	I really think that I should have fainted if I had not gone out.	Realment penso que m'hauria d'haver desmaiat si no hagués sortit.	De debò que crec que m'hauria desmaiat si no hagués sortit.	Traducció literal > perífrasi d’obligatorietat errònia. Postedició mínima.
12	When we married, my wife made over all her property to me—rather against my will, for I saw how awkward it would be if my business affairs went wrong.	Quan ens vam casar, la meva dona em va fer totes les seves propietats, més aviat en contra de la meva voluntat, perquè vaig veure que seria molt difícil que els meus assumptes de negocis anessin malament.	Quan ens vam casar, la meva dona em transferí tota la seva propietat, més aviat en contra de la meva voluntat, perquè vaig veure com seria d’incòmode que els meus assumptes de negocis anessin malament.	Phrasal verb (make over). Lèxic (awkward > *difícil > incòmode/estrany). Postedició poca.
13	Well, I think that you are in the right.	- bé, crec que tens raó.	Bé, crec que teniu raó.	Correcte.
14	But if I am not mistaken I hear him upon the stair, so we shall have something more interesting than his pipe to study.	Però si no m'equivoco, el sento a l'escala, o sigui que tindrem alguna cosa més interessant que la seva pipa per estudiar.	Però si no m'equivoco sento que ha pujat per l’escala, així tindrem alguna cosa més interessant que la seva pipa per estudiar.	Correcte. Pèrdua d’informació de manera i de direcció de moviment. Pèrdua de modalitat de possibilitat (shall). Postedició mínima.
15	He held it up and tapped on it with his long, thin fore-finger, as a professor might who was lecturing on a bone.	El va aixecar i hi va donar uns copets amb el dit del davant, llarg i prim, com un professor que fes classe en un os.	La va aixecar i hi va donar uns copets amb el dit índex, llarg i prim, com faria un professor que impartís classe sobre un os.	Lèxic (fore-finger > ?dit del davant > dit índex). Comparativa introduïda per «as». Postedició poca.
16	My friend threw out the information in a very offhand way, but I saw that he cocked his eye at me to see if I had followed his reasoning.	El meu amic va llençar la informació d'una manera molt brusca, però vaig veure que em mirava per veure si havia seguit el seu raonament.	El meu amic va llançar la informació d'una manera molt despreocupada, però vaig veure que em mirava de cantell per veure si jo havia seguit el seu raonament.	Correcte. Lèxic (offhand > *brusca). Frase feta. Postedició moderada.
17	Of course, legally, we are putting ourselves hopelessly in the wrong; but I think that it is worth it.	És clar que, legalment, ens estem equivocant, però crec que val la pena.	És clar que, legalment, ens estem equivocant irremeiablement; però crec que val la pena.	Correcte. Omissió (hopelessly). Postedició mínima.
18	And this not so much for the sake of his reputation—for, indeed, it was when he was at his wits' end that his energy and his versatility were most admirable—but because where he failed it happened too often that no one else succeeded, and that the tale was left forever without a conclusion.	I això no tant pel bé de la seva reputació - perquè, de fet, era quan estava a punt de perdre el seny que la seva energia i la seva versatilitat eren d'allò més admirables -, sinó perquè, allà on fracassava, passava massa sovint que ningú no se'n sortia, i que el relat quedava per sempre sense una conclusió.	I això no tant pel bé de la seva reputació - perquè, de fet, era quan estava a punt de perdre el seny que la seva energia i la seva versatilitat eren d'allò més admirables -, sinó perquè, allà on fracassava, passava massa sovint que ningú no se'n sortia, i que el relat quedava per sempre sense una conclusió.	Correcte.
19	I felt that I should have no peace until I knew, and yet I shrank from asking her again after once she had told me what was false.	Vaig pensar que no hauria de tenir pau fins que no ho sabés, i tot i així em vaig encongir per no tornar-li a preguntar després d'una vegada que m'havia dit què era fals.	Jo sentia que no tindria pau fins que no ho sabés, i tot i així em vaig desdir de tornar-li a preguntar després que m'havia dit una falsedat.	Phrasal verb (shrank from > ?encongir > desdir). Expressió (what was false > «una cosa que era falsa»). Postedició poca.
20	You know that I would not have a secret from you if it were not for your own sake.	Saps que no tindria un secret teu si no fos per tu.	Ja saps que jo no tindria un secret per a tu si no fos pel teu bé.	Segment de sortida té sentit, però amb canvi semàntic. Postedició mínima.
21	Save for the occasional use of cocaine, he had no vices, and he only turned to the drug as a protest against the monotony of existence when cases were scanty and the papers uninteresting.	Tret de l'ús ocasional de la cocaïna, no tenia vicis, i només es girava cap a la droga com a protesta contra la monotonia de l'existència quan els casos eren escassos i els papers no eren interessants.	Tret de l'ús ocasional de la cocaïna, no tenia vicis, i només es girava cap a la droga com a protesta contra la monotonia de l'existència quan els casos eren escassos i els papers no eren interessants.	Correcte.
22	My mind was instantly filled with suspicion.	- la meva ment es va omplir instantàniament de sospites.	La meva ment es va omplir instantàniament de sospita.	Correcte.
23	I stood at the door for a few minutes, and now I am quite myself again.	Em vaig quedar uns minuts a la porta, i ara ja sóc ben bé jo mateixa.	Em vaig quedar uns minuts a la porta, i ara sóc ben bé jo mateix altre cop.	Gènere. Correlació de temps verbals (segons context). Postedició mínima.
24	I was badly in need of a case, and this looks, from the man's impatience, as if it were of importance.	Necessitava desesperadament un cas, i aquesta mirada, per la impaciència de l'home, era com si fos d'importància.	Necessitava desesperadament un cas, i això sembla, per la impaciència de l’home, que era d’importància.	Expressió (this looks > *aquesta mirada > això sembla). Les juxtaposicions compliquen la traducció; el segment de sortida té sentit, però amb canvi semàntic. Postedició poca.
25	My husband died at Atlanta.	El meu marit va morir a Atlanta.	El meu marit va morir a Atlanta.	Correcte.
26	But we had not a very long time to wait for that.	Però no teníem gaire temps per esperar.	Però no vam haver d’espera-ho gaire temps.	Segment de sortida té sentit, però amb canvi semàntic. Postedició poca.
27	My wife seemed to be as upset as myself, and I could see from the little questioning glances which she kept shooting at me that she understood that I disbelieved her statement, and that she was at her wits' end what to do.	Semblava que la meva dona estava tan trasbalsada com jo, i per les mirades interrogants que no parava de llançar-me, vaig veure que entenia que no em creia la seva afirmació i que estava a punt d'acabar el que havia de fer.	Semblava que la meva dona estava tan trasbalsada com jo, i per les mirades interrogants que no parava de llançar-me, vaig veure que entenia que no em creia la seva afirmació i que ella ja no sabia què més fer.	Ambigüitat de persona. Frase feta (wits’ end). Postedició poca.
28	When new facts come to our knowledge which cannot be covered by it, it will be time enough to reconsider it.	Quan els nous fets arribin als nostres coneixements que no es poden cobrir, ja tindrem temps de reconsiderar-ho.	Quan nous fets arriben al nostre coneixement i aquest no els pot cobrir, serà el temps ja de reconsiderar-lo.	Alteració de l’ordre natural de l’oració, diverses subordinades i nombrosos díctics. Postedició moderada.
29	Our visitor again passed his hand over his forehead, as if he found it bitterly hard.	El nostre visitant es va tornar a passar la mà pel front, com si li costés molt.	El nostre visitant es va tornar a passar la mà pel front, com si li costés molt.	Correcte.
30	An instant later our door opened, and a tall young man entered the room.	Un instant després la nostra porta es va obrir i un jove alt va entrar a la sala.	Un instant després la nostra porta es va obrir i un jove alt va entrar a la sala.	Correcte.
31	Holmes and I had listened with the utmost interest to this extraordinary statement, which had been delivered in the jerky, broken fashion of a man who is under the influence of extreme emotions.	Holmes i jo havíem escoltat amb el màxim interès aquesta afirmació extraordinària, que havia estat pronunciada de la manera espasmòdica i trencada d'un home que està sota la influència d'emocions extremes.	Holmes i jo havíem escoltat amb el màxim interès aquesta afirmació extraordinària, que havia estat pronunciada de la manera espasmòdica i trencada d'un home que està sota la influència d'emocions extremes.	Correcte.
32	Well, he must have been disturbed in his mind to leave a pipe behind him which he evidently values highly.	Bé, deu haver estat pertorbat mentalment per deixar una pipa darrere seu que, evidentment, valora molt.	Bé, deu haver estat pertorbat mentalment per deixar-se una pipa que, evidentment, valora molt.	Gramaticalment correcte i amb sentit. Expressió (leave behind > deixar-se/oblidar-se). Postedició mínima.
33	There was such earnestness, such despair, in her manner that her words arrested me, and I stood irresolute before the door.	- hi havia tanta serietat, tanta desesperació, a la seva manera que les seves paraules em van detenir, i em vaig quedar indecís davant la porta.	Hi havia tanta serietat, tanta desesperació, en les seves maneres que les seves paraules em van detenir, i em vaig quedar indecís davant la porta.	Expressió (in her manner > *a la seva manera > en el seu fer/en les seves maneres). Postedició mínima.
34	This sickened her of America, and she came back to live with a maiden aunt at Pinner, in Middlesex.	Això la fastiguejava d'Amèrica, i va tornar a viure amb una tia donzella a Pinner, a Middlesex.	Això la fastiguejava d'Amèrica, i va tornar a viure amb una tia soltera a Pinner, a Middlesex.	Expressió (sickened of > fastiguejar/fer avorrir). Lèxic (maiden > *donzella > soltera). Postedició poca.
35	Annoyed at the churlish rebuff, I turned my back and walked home.	Empipat per aquell rebuig tan groller, em vaig girar d'esquena i vaig tornar a casa.	Empipat per aquell rebuig tan groller, em vaig girar d'esquena i vaig tornar a casa.	Correcte.
36	Until you tell me who it is that has been living in that cottage, and who it is to whom you have given that photograph, there can never be any confidence between us, said I, and breaking away from her, I left the house.	"- ""fins que no em diguis qui és que ha estat vivint en aquella caseta, i qui és a qui has donat aquesta fotografia, no hi pot haver mai cap confiança entre nosaltres"" - va dir jo, i apartant-me d'ella, vaig sortir de casa."	"Fins que no em diguis qui és que ha estat vivint en aquella caseta, i qui és a qui has donat aquesta fotografia, no hi pot haver mai cap confiança entre nosaltres"" – vaig dir jo, i apartant-me d'ella, vaig sortir de casa."	Persona. Postedició mínima.
37	It was a strange puzzle, and yet I knew that my mind could never know ease again until I had solved it.	Era un trencaclosques estrany, però tot i així sabia que la meva ment mai no podria tornar a ser tranquil·la fins que no l'hagués resolt.	Era un trencaclosques estrany, però tot i així sabia que la meva ment mai no podria tornar a estar tranquil·la fins que no l'hagués resolt.	Ser/estar. Postedició mínima.
38	You appear, however, to have been disagreeably impressed by it.	- sembla, però, que l'ha impressionat molt.	Sembla, però, que us ha impressionat desagradablement.	Gramaticalment correcte i amb sentit. Pèrdua d’informació de persona. Omissió (disagreeably). Postedició poca.
39	I will tell you the meaning of it, cried the lady, sweeping into the room with a proud, set face.	- us en diré el significat - exclamà la dama, entrant a la cambra amb un posat orgullós -.	Us en diré el significat, exclamà la dama, esmunyint-se cap a l'habitació amb un posat orgullós i resolt.	Correcte. Pèrdua d’informació de manera de moviment (sweeping). Omissió (set). Postedició moderada.
40	If you have reason to believe that it is inhabited, do not force your way in, but send a wire to my friend and me.	Si teniu motius per creure que està habitat, no us obligueu a entrar, sinó que envieu un cable al meu amic i a mi.	Si teniu motius per creure que és habitada, no forceu l’entrada; envieu-nos un telegrama al meu amic i a mi.	Expressió (force the way in > forçar l’entrada). Lèxic. Postedició elevada.
41	I determined to say nothing about the former to my wife, for she is a nervous, highly strung woman, and I had no wish that she would share the unpleasant impression which had been produced upon myself.	Vaig decidir no dir res de l'anterior a la meva dona, perquè és una dona nerviosa i molt lligada, i no tenia cap ganes de compartir la desagradable impressió que m'havia produït.	Vaig decidir no dir res de l'anterior a la meva dona, perquè és una dona nerviosa i molt tensa, i no tenia cap ganes que compartís la desagradable impressió que m'havia produït.	Lèxic (strung > *lligada > tensa). Canvi semàntic a la subordinada adjectiva. Postedició poca.
42	We had an inn and two houses a little above us, and a single cottage at the other side of the field which faces us, and except those there were no houses until you got half way to the station.	Teníem una fonda i dues cases una mica més amunt, i una sola caseta a l'altra banda del camp que ens mirava, i excepte les que no hi havia cases fins que no arribaves a l'estació.	Teníem una fonda i dues cases una mica més amunt, i una sola caseta a l'altra banda del camp del davant, i excepte aquelles no hi havia cases fins que no arribaves a mig camí de l'estació.	Subordinada substantiva amb expressió espacial (which faces us). Manca de continuïtat al final amb omissió d’expressió espacial (half way). Postedició moderada. 
43	She followed me, however, before I could close the door.	Però em va seguir abans que pogués tancar la porta.	Però em va seguir abans que pogués tancar la porta.	Correcte. Pèrdua d’informació de persona.
44	As I did so I happened to glance out of one of the upper windows, and saw the maid with whom I had just been speaking running across the field in the direction of the cottage.	En fer-ho, vaig mirar per una de les finestres de dalt i vaig veure la minyona amb qui acabava de parlar corrent pel camp en direcció a la cabanya.	En fer-ho, vaig mirar per una de les finestres de dalt i vaig veure la minyona amb qui acabava de parlar corrent pel camp en direcció a la cabanya.	Correcte. Pèrdua d’informació d’aspecte (happened to glance).
45	She promises him then not to go there again, but two days afterwards the hope of getting rid of those dreadful neighbors was too strong for her, and she made another attempt, taking down with her the photograph which had probably been demanded from her.	Ella li promet que no hi tornarà mai més, però dos dies després l'esperança de desfer-se d'aquells veïns esgarrifosos era massa forta per a ella, i va fer un altre intent, enduent-se amb ella la fotografia que probablement li havien exigit.	Ella li promet que no hi tornarà mai més, però dos dies després l'esperança de desfer-se d'aquells veïns esgarrifosos era massa forta per a ella, i va fer un altre intent, enduent-se amb ella la fotografia que probablement li havien exigit.	Correcte.
46	But you saw me go, and that was the beginning of my troubles.	Però tu em vas veure marxar, i això va ser el començament dels meus problemes.	Però tu em vas veure marxar, i això va ser el començament dels meus problemes.	Correcte.
47	And if it is still empty?	- i si encara és buida?	I si encara és buida?	Correcte.
48	For two hours we rambled about together, in silence for the most part, as befits two men who know each other intimately.	Durant dues hores vam divagar junts, en silenci la major part, com correspon a dos homes que es coneixen íntimament.	Durant dues hores vam divagar junts, en silenci la major part, com correspon a dos homes que es coneixen íntimament.	Correcte.
49	I am afraid that this is a bad business, Watson, said my companion, as he returned after accompanying Mr. Grant Munro to the door.	- em temo que això és un mal assumpte, Watson - va dir el meu company, mentre tornava després d'acompanyar el senyor Grant Munro a la porta -.	Em temo que això és un mal assumpte, Watson -va dir el meu company, mentre tornava després d'acompanyar el senyor Grant Munro a la porta.	Correcte.
50	She waits until her husband is asleep, and then she rushes down to endeavor to persuade them to leave her in peace.	Espera que el seu marit s'adormi, i llavors s'esmuny per intentar convèncer-los que la deixin en pau.	Espera que el seu marit s'adormi, i llavors s'esmuny per intentar convèncer-los que la deixin en pau.	Correcte. Pèrdua d’informació de direcció de moviment.
51	During that time my wife and I have loved each other as fondly and lived as happily as any two that ever were joined.	Durant aquest temps la meva dona i jo ens hem estimat amb tant d'afecte i hem viscut tan feliços com tots els dos que s'havien unit.	Durant aquest temps la meva dona i jo ens hem estimat amb tant d'afecte i hem viscut tan feliços com qualsevol parella que mai s'hagi unit.	Expressió (any two that ever where joined). Postedició poca.
52	Some day, perhaps, but not just at present, Jack.	- potser algun dia, però no només de moment, Jacky.	Potser algun dia, però no pas ara, Jack.	Expressió temporal. Canvi de nom propi (*Jacky/Jack). Postedició poca.
53	I went as far as the Crystal Palace, spent an hour in the grounds, and was back in Norbury by one o'clock.	- vaig anar fins al Crystal Palace, vaig passar una hora als jardins i vaig tornar a Norbury cap a la una.	Vaig anar fina al Crystal Palace, vaig passar una hora als jardins, i tornava a ser a Norbury cap a la una en punt.	Correcte. Alteració d’informació espacial.
54	Suddenly this morning it occurred to me that you were the man to advise me, so I have hurried to you now, and I place myself unreservedly in your hands.	De cop i volta aquest matí se m'ha acudit que vostè era l'home que m'aconsellava, de manera que ara m'he afanyat cap a vostè, i em poso sense reserves a les seves mans.	De cop i volta aquest matí se m'ha acudit que vostè era l'home que m'havia d’aconsellar, de manera que ara vingut ràpidament a vostè, i em poso sense reserves a les seves mans.	Temps verbal. Expressió espacial. Postedició poca.
55	We shall be with you within an hour of receiving it, and we shall then very soon get to the bottom of the business.	Serem amb tu d'aquí a una hora per rebre'l, i aleshores arribarem al fons del negoci.	Serem amb tu al cap d'una hora de rebre’l, i  aleshores arribarem aviat al fons de l’assumpte.	Expressió temporal (within an hour of receiving it). Omissió (very soon). Lèxic (business > *negoci > assumpte/qüestió). Postedició poca.
56	Sherlock Holmes was a man who seldom took exercise for exercise's sake.	Sherlock Holmes era un home que rarament feia exercici per fer exercici.	Sherlock Holmes era un home que rarament feia exercici per fer exercici.	Correcte.
57	In the cottage lay the secret which was casting a shadow over my life.	A la cabanya hi havia el secret que projectava una ombra sobre la meva vida.	A la cabanya hi havia el secret que projectava una ombra sobre la meva vida.	Correcte.
58	If I had been less cautious I might have been more wise, but I was half crazy with fear that you should learn the truth.	Si hagués estat menys prudent potser hauria estat més prudent, però estava mig boig de por de saber la veritat.	Si hagués estat menys prudent, podria haver anat millor, però estava mig boja amb por que no sabessis la veritat.	Lèxic repetit (prudent). Expressió complicada. Gènere. Postedició poca.
59	Her husband developed some hateful qualities; or shall we say that he contracted some loathsome disease, and became a leper or an imbecile?	El seu marit va desenvolupar algunes qualitats odioses; o diguem que va contreure alguna malaltia repugnant, i es va convertir en un leprós o un imbècil?	El seu marit va desenvolupar algunes qualitats detestables; o podríem dir que va contraure alguna malaltia repugnant i es va convertir en un leprós o un imbècil?	Modalitat de possibilitat (shall we say). Postedició mínima.
60	Mr. Grant Munro pushed impatiently forward, however, and we stumbled after him as best we could.	El senyor Grant Munro va empènyer amb impaciència cap endavant, però, i vam ensopegar amb ell tan bé com vam poder.	El senyor Grant Munro va avançar amb impaciència cap endavant, però, i vam anar a trompicons darrere d’ell tan bé com vam poder.	Expressió (we stumbled after him > vam anar a trompicons darrere d’ell). Postedició moderada.
61	It was a cosey, well-furnished apartment, with two candles burning upon the table and two upon the mantelpiece.	Era un apartament ben moblat, amb dues espelmes enceses sobre la taula i dues sobre la lleixa de la llar de foc.	Era un apartament acollidor, ben moblat, amb dues espelmes enceses sobre la taula i dues sobre la lleixa de la llar de foc.	Gramaticalment correcte i amb sentit. Omissió (cosey). Postedició mínima.
62	Why do you look at me like that, Jack?	Per què em mires així, Jack?	Per què em mires així, Jack?	Correcte.
63	And now, since last Monday, there has suddenly sprung up a barrier between us, and I find that there is something in her life and in her thought of which I know as little as if she were the woman who brushes by me in the street.	I ara, des del dilluns passat, de sobte s'ha aixecat una barrera entre nosaltres, i m'adono que hi ha alguna cosa en la seva vida i en el seu pensament que sé tan poc com si fos la dona que em passa pel costat pel carrer.	I ara, des del dilluns passat, de sobte s'ha aixecat una barrera entre nosaltres, i m'adono que hi ha alguna cosa en la seva vida i en el seu pensament dels quals sé tan poc com si fos la dona que em passa pel costat pel carrer.	Pronom relatiu incorrecte (*que > dels quals). Postedició mínima.
64	My dear Mr. Grant Munro— began Holmes.	- estimat senyor Grant Munro... - començà Holmes.	Estimat senyor Grant Munro... -començà Holmes.	Correcte.
65	I burst out laughing, out of sympathy with her merriment; but Grant Munro stood staring, with his hand clutching his throat.	Vaig esclafir a riure, per compassió amb la seva alegria; però Grant Munro es va quedar mirant, amb la mà agafada al coll.	Vaig esclafir a riure, per simpatia amb la seva alegria; però Grant Munro es va quedar mirant, amb la mà agafada al coll.	Expressió (out of sympathy). Postedició mínima.
66	Well, I told you just now that there is a cottage not far from our house.	- bé, ja t'he dit ara que hi ha una cabanya no gaire lluny de casa nostra.	Bé, ja us he dit ara que hi ha una cabanya no gaire lluny de casa nostra.	Correcte.
67	They had one child, but the yellow fever broke out badly in the place, and both husband and child died of it.	Van tenir un fill, però la febre groga va esclatar de mala manera en aquell lloc, i tant marit com fill en van morir.	Van tenir un fill, però la febre groga va esclatar de mala manera en aquell lloc, i tant el marit com el fill van morir.	Correcte.
68	On the third day, however, I had ample evidence that her solemn promise was not enough to hold her back from this secret influence which drew her away from her husband and her duty.	El tercer dia, però, vaig tenir proves de sobres que la seva promesa solemne no era suficient per apartar-la d'aquella influència secreta que l'allunyava del seu marit i del seu deure.	El tercer dia, però, tenia prou proves que la seva solemne promesa no era suficient per retenir-la d'aquesta influència secreta que la va apartar del seu marit i del seu deure.	Correcte. Possible correlació de temps verbals.
69	The facts are these, Mr. Holmes, said he.	- els fets són aquests, senyor Holmes - va dir -.	Els fets són aquests, senyor Holmes - va dir.	Correcte. Pèrdua d’informació de persona.
70	As I entered the house the maid ran into the hall with a startled face.	Quan vaig entrar a la casa, la minyona va córrer cap al vestíbul amb cara de sorpresa.	Quan vaig entrar a la casa, la minyona va córrer cap al vestíbul amb cara de sorpresa.	Correcte.
71	It was our misfortune that our only child took after his people rather than mine.	Va ser la nostra desgràcia que el nostre únic fill s'assemblés més al seu poble que no pas al meu.	Va ser la nostra desgràcia que el nostre únic fill s'assemblés més al seu poble que no pas al meu.	Correcte.
72	Well, I should put the original cost of the pipe at seven and sixpence.	- bé, hauria de posar el cost original de la pipa a les set i sis penics.	Bé, hauria de posar el cost original de la pipa a set i sis penics.	Expressió (seven and sixpence). Postedició mínima.
73	Holmes, with a laugh, passed his hand behind the child's ear, a mask peeled off from her countenance, and there was a little coal black negress, with all her white teeth flashing in amusement at our amazed faces.	Holmes, amb una rialla, va passar la mà per darrere l'orella de la nena, una màscara que s'havia desprès del seu semblant, i hi havia una petita negror negra com el carbó, amb totes les seves dents blanques resplendint de diversió davant els nostres rostres sorpresos.	Holmes, amb una rialla, va passar la mà per darrere l'orella de la nena; una màscara es desprengué del seu semblant, i allà hi havia una nena petita, negra com el carbó, amb totes les seves dents blanques resplendint divertidament davant els nostres rostres sorpresos.	Pèrdua d’informació de persona. Juxtaposicions. Sintagma (a little coal black negress). Postedició moderada.
74	I should like to think over the matter a little now.	Ara m'agradaria rumiar una mica.	M'agradaria reflexionar sobre la qüestió ara una mica.	Correcte. Pèrdua d’informació. Postedició mínima
75	The indications here, however, are neither very marked nor very important.	Les indicacions aquí, però, no són ni gaire marcades ni gaire importants.	Les indicacions aquí, però, no són ni gaire marcades ni gaire importants.	Correcte.
76	Yes, of course I should have knocked.	Sí, és clar que hauria d'haver trucat.	Sí, és clar que hauria d'haver trucat.	Correcte.
77	It was of a livid chalky white, and with something set and rigid about it which was shockingly unnatural.	Era d'un blanc lívid com el guix, i tenia alguna cosa que no era natural.	Era d’un blanc lívid com el guix, i tenia alguna cosa que no era natural.	Correcte. Pèrdua d’informació (set and rigid, shockingly). Postedició mínima.
78	How can you tell me what you know is false?	- ¿com pot dir-me que el que sap és fals?	Com em pots dir una cosa que saps que és falsa?	Expressió. Postedició poca.
79	I have seen his death certificate.	He vist el seu certificat de defunció.	He vist el seu certificat de defunció.	Correcte.
80	I don't want to argue about that.	No vull discutir sobre això.	No vull discutir sobre això.	Correcte.
81	It's horrible to have to do it.	És horrible haver-ho de fer.	És horrible haver-ho de fer.	Correcte.
82	Though I knew the danger, I determined to have the child over, if it were but for a few weeks.	Tot i que coneixia el perill, vaig decidir tenir el nen a sobre, si no fos per unes quantes setmanes.	Tot i que coneixia el perill, vaig decidir fer venir la criatura, si era només per unes setmanes.	Phrasal verb (have someone over). Subordinada condicional. Postedició poca.
83	I should have put him at about thirty, though he was really some years older.	L'hauria d'haver posat als trenta anys, tot i que en realitat era uns quants anys més gran.	Li hauria posat trenta anys, tot i que en realitat tenia uns quants anys més.	Temps verbal. Expressió. Postedició mínima.
84	I see that you have only just moved in, so I thought that if I could be of any help to you in any—	- ja veig que s'acaba d'instal·lar, o sigui que he pensat que si li podia ajudar en res...	Ja veig que us acabeu d'instal·lar, o sigui que he pensat que si us podia ajudar en res...	Transitivitat (*CI/CD). Postedició mínima.
85	You can see for yourselves that some one is there.	Ja veieu que n'hi ha algun.	Podeu veure per vosaltres mateixos que hi ha algú allà.	Pèrdua d’informació elevada (aspecte, reflexivitat, dixi). Postedició elevada.
86	And you won't tell me what you want it for?	- ¿i no em vol dir per què la vol?	I no em vols dir per a què el vols?	Correcte. Postedició mínima.
87	He has been in the habit of lighting his pipe at lamps and gas-jets.	- té el costum d'encendre la pipa a les llànties i als gas-jets.	Té el costum d’encendre la pipa a les llànties i als sortidors de gas.	Lèxic no traduït (gas-jets). Postedició Mínima.
88	If the cottage is now permanently deserted we may have some difficulty.	Si ara la cabanya està permanentment deserta, potser tindrem alguna dificultat.	Si la caseta està ara permanentment deserta podem tenir algunes dificultats.	Correcte.
89	Still pulling at my sleeve, she led me away from the cottage.	- encara estirant-me la màniga, em va portar lluny de la cabanya.	Encara estirant-me la màniga, em va portar lluny de la cabanya.	Correcte.
90	I am sorry that I broke my promise, Jack, said she; but if you knew all the circumstances I am sure that you would forgive me.	- em sap greu haver trencat la meva promesa, Jack - va dir ella -.	em sap greu haver trencat la meva promesa, Jack -va dir ella -, però si sabessis totes les circumstàncies estic segura que em perdonaries.	Omissió de la segona oració (una adversativa formada per condicional + principal composta). Postedició moderada.
91	As I stood there, imagine my surprise, Mr. Holmes, when the door suddenly opened and my wife walked out.	Mentre era allà, imagini's la meva sorpresa, senyor Holmes, quan la porta es va obrir de sobte i la meva dona va sortir.	Mentre era dret allà, imagineu-vos la meva sorpresa, senyor Holmes, quan la porta es va obrir de sobte i la meva dona va sortir.	Correcte. Pèrdua d’informació.
92	Tell me, said he at last, could you swear that this was a man's face which you saw at the window?	- digueu-me - digué finalment -, podríeu jurar que aquesta era la cara d'un home que vau veure a la finestra?	Digueu-me - digué finalment -, podríeu jurar que la cara que vau veure a la finestra era la d'un home?	Canvi semàntic a la subordinada. Postedició moderada.
93	From every gesture and expression I could see that he was a reserved, self-contained man, with a dash of pride in his nature, more likely to hide his wounds than to expose them.	Per cada gest i cada expressió veia que era un home reservat i independent, amb un rampell d'orgull per la seva naturalesa, més probable que amagués les ferides que no pas que les desemmascarés.	Per cada gest i cada expressió veia que era un home reservat i contingut, amb un rampell d'orgull en la seva naturalesa, amb més probabilitat d’amagar les ferides que no pas d’exposar-les.	Lèxic (self-contained > *independent > contingut, retret, reservat). Construcció comparativa amb subjecte i verb allunyats per juxtaposició. Postedició poca.
94	What on this earth could my wife be doing out on the country road at three in the morning?	Què dimonis podia estar fent la meva dona a la carretera del camp a les tres de la matinada?	Què dimonis podia fer la meva dona a la carretera del camp a les tres de la matinada?	Gramaticalment correcte i amb sentit. Possible lèxic (country road > carretera del camp/pista). Postedició mínima.
95	When I left her in America, she continued, it was only because her health was weak, and the change might have done her harm.	- quan la vaig deixar a Amèrica - va continuar -, va ser només perquè la seva salut era feble, i el canvi li podia haver fet mal.	Quan la vaig deixar a Amèrica - va continuar -, va ser només perquè la seva salut era feble, i el canvi li podia haver fet mal.	Correcte.
96	I was a bit staggered at this, for I had imagined it was simply a new dress or something of the kind that she was after.	- això em va fer trontollar una mica, perquè m'havia imaginat que era simplement un vestit nou o alguna cosa per l'estil que buscava.	Això em va fer trontollar una mica, perquè m'havia imaginat que era simplement un vestit nou o alguna cosa per l'estil, que buscava.	Correcte.
97	The furniture and pictures were of the most common and vulgar description, save in the one chamber at the window of which I had seen the strange face.	Els mobles i els quadres eren de la descripció més corrent i vulgar, tret de l'única cambra a la finestra de la qual havia vist aquella cara estranya.	Els mobles i els quadres eren de la descripció més corrent i vulgar, tret de l'única cambra a la finestra de la qual havia vist aquella cara estranya.	Correcte. Pèrdua d’informació de persona.
98	Not another word did he say of the case until late that night, when he was turning away, with his lighted candle, for his bedroom.	No va dir ni una paraula més del cas fins ben entrada la nit, quan es girava, amb l'espelma encesa, cap a la seva habitació.	No va dir ni una paraula més del cas fins ben entrada la nit, quan es girava, amb l'espelma encesa, cap a la seva habitació.	Correcte.
99	I could not tell if the face were that of a man or a woman.	No sabria dir si la cara era la d'un home o una dona.	No sabria dir si la cara era la d'un home o una dona.	Correcte.
100	You might do it once the other way, but not as a constancy.	Podries fer-ho un cop a l'altra banda, però no com a constància.	Ho podries fer un cop al revés, però no com a constància.	Gramaticalment correcte i amb sentit. Expressió (the other way > al revés/de l’altra manera). Postedició mínima.
101	Next day you had my secret at your mercy, but you nobly refrained from pursuing your advantage.	L'endemà tenies el meu secret a la teva mercè, però et vas abstenir noblement de perseguir el teu avantatge.	L'endemà tenies el meu secret a la teva mercè, però et vas abstenir noblement de perseguir el teu avantatge.	Correcte.
102	Well, last Monday evening I was taking a stroll down that way, when I met an empty van coming up the lane, and saw a pile of carpets and things lying about on the grass-plot beside the porch.	- bé, dilluns passat al vespre anava a fer un tomb per aquell camí, quan vaig trobar una furgoneta buida que pujava pel caminoi, i vaig veure una pila de catifes i coses escampades per l'herba que hi havia al costat del porxo.	Bé, dilluns passat feia un tomb per aquell camí, quan vaig trobar una furgoneta buida que pujava pel caminoi, i vaig veure una pila de catifes i coses escampades per l'herba que hi havia al costat del porxo.	Correcte. Poc genuí (anava a fer).
103	I wish you both to be there as witnesses.	M'agradaria que tots dos fóssiu allà com a testimonis.	M'agradaria que tots dos fóssiu allà com a testimonis.	Correcte.
104	Her name then was Mrs. Hebron.	Aleshores es deia senyora Hebron.	Aleshores es deia senyora Hebron.	Correcte.
105	The cottage had been standing empty this eight months, and it was a pity, for it was a pretty two-storied place, with an old-fashioned porch and honeysuckle about it.	Feia vuit mesos que la cabanya era buida, i era una llàstima, perquè era un lloc bonic de dos pisos, amb un porxo antiquat i un xuclamel al voltant.	Feia vuit mesos que la cabanya era buida, i era una llàstima, perquè era un lloc bonic de dos pisos, amb un porxo antic i xuclamel al voltant.	Gramaticalment correcte. Lèxic (old-fashioned). Comptable/incomptable (xuclamel). Postedició mínima.
106	It happened that my way took me past the cottage, and I stopped for an instant to look at the windows, and to see if I could catch a glimpse of the strange face which had looked out at me on the day before.	Va passar que el meu camí em va portar més enllà de la cabanya, i em vaig aturar un moment per mirar les finestres, i per veure si podia entreveure la cara estranya que m'havia mirat el dia abans.	Va passar que el meu camí em va portar més enllà de la cabanya, i em vaig aturar un moment per mirar les finestres, i per veure si podia entreveure la cara estranya que m'havia mirat el dia abans.	Correcte.
107	I vowed that, come what might, it should be a secret no longer.	Vaig jurar que, vingui el que passi, ja no seria un secret.	Vaig jurar que, passés el que passés, ja no hauria de ser més un secret.	Locució (come what might). Temps verbal. Postedició poca.
108	It was you who told me first that the cottage was occupied.	- vas ser tu qui em va dir primer que la cabanya estava ocupada.	Vas ser tu qui em va dir primer que la cabanya estava ocupada.	Correcte.
109	I am going to force my way in and see for myself who is in the house.	- m'obligaré a entrar i a veure personalment qui hi ha a la casa.	Entraré per la força i veuré personalment qui hi ha a la casa.	Expressió (force the way in > forçar l’entrada). Postedició moderada.
110	She flies from him at last, returns to England, changes her name, and starts her life, as she thinks, afresh.	Finalment fuig d'ell, torna a Anglaterra, canvia de nom i comença la seva vida, com ella es pensa, de nou.	Finalment fuig d'ell, torna a Anglaterra, canvia de nom i comença la seva vida, com ella es pensa, de nou.	Correcte.
111	I should have waited for the morning, but I could not sleep for excitement, and so at last I slipped out, knowing how difficult it is to awake you.	Hauria d'haver esperat el matí, però no podia dormir per l'excitació, i per això, a la fi, em vaig escapolir, sabent com és de difícil despertar-te.	Hauria d'haver esperat el matí, però no podia dormir per l'excitació, i per això, a la fi, em vaig escapolir, sabent com és de difícil despertar-te.	Correcte.
112	Your very voice changes as you speak.	La teva veu canvia quan parles.	La teva veu canvia mentre parles.	Construcció temporal de simultaneïtat introduïda amb «as». Postedició mínima.
113	It was a very dark night, and a thin rain began to fall as we turned from the high road into a narrow lane, deeply rutted, with hedges on either side.	Era una nit molt fosca, i va començar a caure una pluja fina quan vam passar de la carretera alta a un camí estret, molt ple de sots, amb bardisses a banda i banda.	Era una nit molt fosca, i va començar a caure una pluja fina quan vam passar de la carretera a un camí estret, molt ple de sots, amb bardisses a banda i banda.	Lèxic (high road > ?carretera alta > autovia/carretera). Postedició mínima.
114	The man must value the pipe highly when he prefers to patch it up rather than buy a new one with the same money.	L'home ha de valorar molt la pipa quan prefereix apedaçar-la en lloc de comprar-ne una de nova amb els mateixos diners.	L'home ha de valorar molt la pipa quan prefereix apedaçar-la en lloc de comprar-ne una de nova amb els mateixos diners.	Correcte.
115	Now it has, you see, been twice mended, once in the wooden stem and once in the amber.	Ara ha estat sargit dues vegades, una a la tija de fusta i una altra a l'ambre.	Ara, com veieu, ha estat apedaçada dues vegades, una a la tija de fusta i una altra a l'ambre.	Omissió (you see). Lèxic (mend > *sargir > apedaçar). Postedició poca.
116	There's been a gentleman here asking for you, sir.	- aquí hi ha un senyor que demana per vostè, senyor.	Aquí hi ha hagut un senyor demanant per vós, senyor.	Temps verbal. Postedició mínima.
117	I'll tell you what I know about Effie's history.	- et diré el que sé de la història de l'Effie.	Us diré el que sé de la història de l'Effie.	Correcte.
118	I trust that we may do as much for you.	Confio que podem fer el mateix per tu.	Confio que puguem fer altre tant per vós.	Temps verbal. Postedició mínima.
119	You are at liberty to preserve your secret, but you must promise me that there shall be no more nightly visits, no more doings which are kept from my knowledge.	Esteu en llibertat per preservar el vostre secret, però m'heu de prometre que no hi haurà més visites nocturnes, ni més activitats que es guardin dels meus coneixements.	Tens la llibertat de preservar el teu secret, però m'has de prometre que no hi haurà més visites nocturnes, ni més coses que s’amaguin del meu coneixement.	Gramaticalment correcte i amb sentit. Estar/tenir. Phrasal verb (keep from > *guardar > amagar). Postedició mínima.
120	Have you ever seen a photograph of her first husband?	- ha vist mai una fotografia del seu primer marit?	Heu vist mai una fotografia del seu primer marit?	Correcte.
121	She was given to the care of a faithful Scotch woman who had once been our servant.	La van lliurar a la cura d'una fidel dona escocesa que havia estat la nostra serventa.	La van lliurar a la cura d'una fidel dona escocesa que havia estat la nostra serventa.	Correcte.
122	Her face was turned away as we entered, but we could see that she was dressed in a red frock, and that she had long white gloves on.	Quan vam entrar, tenia la cara girada, però vam veure que anava vestida amb un vestit vermell i que duia uns guants blancs llargs.	Quan vam entrar, tenia la cara girada, però vam veure que anava vestida amb un vestit vermell i que duia uns guants blancs llargs.	Correcte.
123	My wife had gone over there, and had asked the servant to call her if I should return.	La meva dona hi havia anat i havia demanat al criat que li truqués si tornava.	La meva dona havia anat cap allà, i havia demanat a la criada que l’avisés si jo tornava.	Correcte. Pèrdua d’informació de persona.
124	For two days after this I stayed at home, and my wife appeared to abide loyally by our engagement, for, as far as I know, she never stirred out of the house.	- durant dos dies, després d'això, em vaig quedar a casa, i la meva dona va semblar que obeïa lleialment el nostre compromís, perquè, que jo sàpiga, no va sortir mai de casa.	Durant dos dies, després d'això, em vaig quedar a casa, i la meva dona va semblar que obeïa lleialment el nostre compromís, perquè, que jo sàpiga, no va sortir mai de casa.	Correcte.
125	What do you think of my theory?	Què en penses, de la meva teoria?	Què en penses, de la meva teoria?	Correcte.
126	The fact is that I felt as though I were choking, and had a perfect longing for a breath of fresh air.	El fet és que em sentia com si m'estigués ennuegant i tingués un desig perfecte d'una alenada d'aire fresc.	El fet és que em sentia com si m'estigués ennuegant i tingués un desig perfecte d'una alenada d'aire fresc.	Correcte.
127	I tell you that there never was a shadow between us until this accursed affair began.	Et dic que mai no hi va haver una ombra entre nosaltres fins que va començar aquesta maleïda aventura.	Et dic que mai no hi va haver una ombra entre nosaltres fins que va començar aquesta maleïda aventura.	Correcte.
128	I don't know what there was about that face, Mr. Holmes, but it seemed to send a chill right down my back.	- no sé què hi havia en aquella cara, senyor Holmes, però em va semblar que em venia un calfred a l'esquena.	No sé què hi havia en aquella cara, senyor Holmes, però em va semblar que m’enviava un calfred esquena avall.	Gramaticalment correcte. Pèrdua d’informació de manera i direcció de moviment. Postedició mínima.
129	For three years I have kept her existence a secret from you, but I heard from the nurse, and I knew that all was well with her.	Durant tres anys he mantingut la seva existència en secret per part teva, però he tingut notícies de la infermera, i sabia que tot anava bé amb ella.	Durant tres anys t’he mantingut la seva existència en secret, però vaig tenir notícies de la infermera i sabia que tot anava bé amb ella.	Error en el CI. Temps verbal. Postedició moderada.
130	I think that she has gone out for a walk, she answered.	- crec que ha sortit a fer un volt - va respondre -.	Crec que ha sortit a fer un volt - va respondre.	Correcte. Pèrdua d’informació de persona.
131	I had to choose between you, and in my weakness I turned away from my own little girl.	Vaig haver de triar entre vosaltres, i en la meva feblesa em vaig apartar de la meva nena.	Vaig haver de triar entre vosaltres, i en la meva feblesa em vaig apartar de la meva nena.	Correcte.
132	As we went I glanced back, and there was that yellow livid face watching us out of the upper window.	Mentre caminàvem vaig mirar enrere, i hi havia aquella cara groga i lívida que ens mirava des de la finestra de dalt.	Mentre caminàvem vaig mirar enrere, i hi havia aquella cara groga i lívida que ens mirava des de la finestra de dalt.	Correcte.
133	Holmes glanced reproachfully at me.	Holmes em va mirar amb retret.	Holmes em va mirar amb retret.	Correcte.
134	If, on the other hand, as I fancy is more likely, the inmates were warned of your coming, and left before you entered yesterday, then they may be back now, and we should clear it all up easily.	Si, d'altra banda, com m'imagino que és més probable, els interns van ser avisats de la vostra arribada, i van marxar abans que hi entréssiu ahir, llavors potser tornaran ara, i ho hauríem d'aclarir tot fàcilment.	Si, d'altra banda, com m'imagino que és més probable, els inquilins van ser avisats de la vostra arribada, i van marxar abans que hi entréssiu ahir, llavors potser tornaran ara, i ho hauríem d'aclarir tot fàcilment.	Adaptació de lèxic (inmates). Postedició mínima.
135	What link could there be between that creature and my wife?	Quina relació hi podia haver entre aquella criatura i la meva dona?	Quina relació hi podia haver entre aquella criatura i la meva dona?	Correcte.
136	All the rest of the night I tossed and tumbled, framing theory after theory, each more unlikely than the last.	Tota la resta de la nit vaig començar a donar voltes i més voltes a la teoria, cada vegada més improbable que l'anterior.	Tota la resta de la nit vaig regirar-me i remoure’m, formulant teoria rere teoria, cada una més improbable que l'anterior.	Omissió (tossed and tumbled, framing). Expressió temporal afegida (cada vegada). Postedició elevada.
137	If you come home with me, all will be well.	Si véns a casa amb mi, tot anirà bé.	Si véns a casa amb mi, tot anirà bé.	Correcte.
138	We can do nothing more until we have a message from our friend at Norbury.	No podem fer res més fins que no tinguem un missatge del nostre amic a Norbury.	No podem fer res més fins que tinguem un missatge del nostre amic de Norbury.	Preposició (at > *a > de). Postedició mínima.
139	I could not see her face in the darkness, but her arms were thrown out in an attitude of entreaty.	No li podia veure la cara en la foscor, però tenia els braços oberts en una actitud de súplica.	No li podia veure la cara en la foscor, però llançà els braços en actitud de súplica.	Correcte. Pèrdua d’informació de manera de moviment (thrown). Postedició mínima.
140	Might I beg you, as time may prove to be of importance, to furnish me with the facts of your case without further delay?	Us puc suplicar, com pot ser que el temps tingui importància, que em proporcioni els fets del vostre cas sense més dilació?	Us puc suplicar que, com que el temps pot demostrar ser d'importància, em faciliteu els fets del vostre cas sense més dilació?	Subordinada introduïda amb «as». Error persona. Postedició poca.
141	We have not had a difference, not one, in thought or word or deed.	No hem tingut cap diferència, ni una, en el pensament, ni en la paraula ni en l'escriptura.	No hem tingut cap diferència, ni una, en el pensament, ni en la paraula ni en l'obra.	Lèxic (deed). Postedició mínima.
142	I can see that you have not slept for a night or two,” said Holmes, in his easy, genial way.	- veig que no heu dormit durant una o dues nits - va dir Holmes, amb la seva manera fàcil i cordial -.	Veig que no heu dormit durant una o dues nits - va dir Holmes, amb la seva manera fàcil i cordial.	Correcte.
143	There's one thing I ought to tell you before I go further.	- hi ha una cosa que t'hauria de dir abans de continuar.	Hi ha una cosa que t'hauria de dir abans de continuar.	Correcte.
144	It was evident to me that she was saying what was false.	Era evident que deia el que era fals.	Per mi era evident que deia una falsedat.	Pèrdua d’informació (to me). Postedició mínima.
145	I pushed my precautions so far as to order her to keep the child in the house during the daytime, and to cover up her little face and hands so that even those who might see her at the window should not gossip about there being a black child in the neighborhood.	Vaig prendre les meves precaucions fins al punt d'ordenar-li que es quedés a casa durant el dia, i que li tapés la carona i les mans perquè ni tan sols els que la poguessin veure a la finestra no parlessin d'un nen negre del veïnat.	Vaig prendre les meves precaucions fins al punt d'ordenar-li que mantingués la nena a casa durant el dia, i que li tapés la carona i les mans perquè ni tan sols els que la poguessin veure a la finestra no parlessin d'un nen negre del veïnat.	Gramaticalment correcte i amb sentit, però amb canvi semàntic i pèrdua d’informació («pushed my precautions», aspecte de possibilitat a «should not gossip». Lèxic (gossip > *parlar > xafardejar). Postedició elevada.
146	“You wish to employ me as a consulting detective?”	- em vol contractar com a inspector de consultoria?	Voleu contractar-me com a detectiu privat?	Lèxic (detectiu privat). Postedició mínima.
147	But as I did so the face suddenly disappeared, so suddenly that it seemed to have been plucked away into the darkness of the room.	Però en fer-ho la cara va desaparèixer de sobte, tan de sobte que semblava que l'haguessin arrencat en la foscor de l'habitació.	Però en fer-ho la cara va desaparèixer de sobte, tan de sobte que semblava que l'haguessin arrencat en la foscor de l'habitació.	Gramaticalment correcte i amb sentit. Pèrdua d’informació de direcció del moviment. Postedició poca.
148	I shall be very much surprised, however, if it is still so when he reconnoitres it this evening.	Em sorprendrà molt, però, si encara és així quan ho reconnoitres aquest vespre.	Em sorprendrà molt, però, si encara és així quan ell el reconegui aquest vespre.	Lèxic no traduït (reconnoitres). Postedició Mínima.
149	I saw my wife and the maid hurrying back along the lane, but I did not stop to speak with them.	Vaig veure la meva dona i la minyona corrent pel camí, però no em vaig aturar a parlar amb ells.	Vaig veure la meva dona i la minyona tornar corrents pel camí, però no em vaig aturar a parlar amb elles.	Error de gènere. Pèrdua d’informació de direcció del moviment. Postedició poca.
150	Well, it must be the creature who lives in the only comfortable room in the place, and has her photograph above his fireplace.	- bé, deu ser la criatura que viu a l'única habitació confortable del local, i té la seva fotografia sobre la llar de foc.	Bé, deu ser la criatura que viu a l'única habitació confortable del local, i té la seva fotografia sobre la llar de foc.	Correcte.
151	All evening, though I tried to think of other things, my mind would still turn to the apparition at the window and the rudeness of the woman.	Tota la nit, tot i que intentava pensar en altres coses, la meva ment encara es desviava cap a l'aparició a la finestra i la grolleria de la dona.	Tota la nit, tot i que intentava pensar en altres coses, la meva ment encara es desviava cap a l'aparició a la finestra i la grolleria de la dona.	Correcte.
152	It seems dreadful to discuss the conduct of one's wife with two men whom I have never seen before.	Em sembla espantós parlar de la conducta de la dona amb dos homes que no havia vist mai.	Em sembla espantós parlar de la conducta de la dona amb dos homes que no havia vist mai.	Correcte.
